campaign,condition_id,trial,payload,modulation,fec,repeats,inter_frame_silence,symbol_duration,frequency_zero,frequency_one,spacing_hz,noise_level,attenuation,success,ber,snr_db,airtime_s,coded_bits,payload_bytes,sync_fail,crc_fail,decode_cpu_ms,provenance
tsym,tsym_T0.200_N0.002_cpfsk_none_r1,0,HELLO,cpfsk,none,1,0.0,0.2,3000.0,8000.0,5000.0,0.002,0.6,1,0.0,77.41458486558439,20.8,104,5,0,0,1165.1320919627324,SIMULATED_RX
tsym,tsym_T0.200_N0.002_cpfsk_none_r1,1,HELLO,cpfsk,none,1,0.0,0.2,3000.0,8000.0,5000.0,0.002,0.6,1,0.0,80.30306391420362,20.8,104,5,0,0,1162.753776065074,SIMULATED_RX
tsym,tsym_T0.200_N0.002_cpfsk_none_r1,2,HELLO,cpfsk,none,1,0.0,0.2,3000.0,8000.0,5000.0,0.002,0.6,1,0.0,76.26055948649783,20.8,104,5,0,0,1162.453216034919,SIMULATED_RX
tsym,tsym_T0.200_N0.002_cpfsk_none_r1,3,HELLO,cpfsk,none,1,0.0,0.2,3000.0,8000.0,5000.0,0.002,0.6,1,0.0,75.291275188852,20.8,104,5,0,0,1161.9076990755275,SIMULATED_RX
tsym,tsym_T0.200_N0.002_cpfsk_none_r1,4,HELLO,cpfsk,none,1,0.0,0.2,3000.0,8000.0,5000.0,0.002,0.6,1,0.0,76.30036378007,20.8,104,5,0,0,1166.8348549865186,SIMULATED_RX
tsym,tsym_T0.200_N0.002_cpfsk_none_r1,5,HELLO,cpfsk,none,1,0.0,0.2,3000.0,8000.0,5000.0,0.002,0.6,1,0.0,79.31227976461119,20.8,104,5,0,0,1173.0034799547866,SIMULATED_RX
tsym,tsym_T0.200_N0.002_cpfsk_none_r1,6,HELLO,cpfsk,none,1,0.0,0.2,3000.0,8000.0,5000.0,0.002,0.6,1,0.0,77.80822289608084,20.8,104,5,0,0,1172.390858992003,SIMULATED_RX
tsym,tsym_T0.200_N0.002_cpfsk_none_r1,7,HELLO,cpfsk,none,1,0.0,0.2,3000.0,8000.0,5000.0,0.002,0.6,1,0.0,78.22393830598843,20.8,104,5,0,0,1172.3846229724586,SIMULATED_RX
tsym,tsym_T0.200_N0.002_cpfsk_none_r1,8,HELLO,cpfsk,none,1,0.0,0.2,3000.0,8000.0,5000.0,0.002,0.6,1,0.0,75.36184694997489,20.8,104,5,0,0,1173.9318050676957,SIMULATED_RX
tsym,tsym_T0.200_N0.002_cpfsk_none_r1,9,HELLO,cpfsk,none,1,0.0,0.2,3000.0,8000.0,5000.0,0.002,0.6,1,0.0,82.12740879169914,20.8,104,5,0,0,1173.1337959645316,SIMULATED_RX
tsym,tsym_T0.200_N0.002_cpfsk_none_r1,10,HELLO,cpfsk,none,1,0.0,0.2,3000.0,8000.0,5000.0,0.002,0.6,1,0.0,76.8129194687192,20.8,104,5,0,0,1172.4739659111947,SIMULATED_RX
tsym,tsym_T0.200_N0.002_cpfsk_none_r1,11,HELLO,cpfsk,none,1,0.0,0.2,3000.0,8000.0,5000.0,0.002,0.6,1,0.0,74.96567760625643,20.8,104,5,0,0,1172.8045740164816,SIMULATED_RX
tsym,tsym_T0.200_N0.008_cpfsk_none_r1,0,HELLO,cpfsk,none,1,0.0,0.2,3000.0,8000.0,5000.0,0.008,0.6,1,0.0,62.72362055790195,20.8,104,5,0,0,1173.9483589772135,SIMULATED_RX
tsym,tsym_T0.200_N0.008_cpfsk_none_r1,1,HELLO,cpfsk,none,1,0.0,0.2,3000.0,8000.0,5000.0,0.008,0.6,1,0.0,64.97162129341976,20.8,104,5,0,0,1171.5926959877834,SIMULATED_RX
tsym,tsym_T0.200_N0.008_cpfsk_none_r1,2,HELLO,cpfsk,none,1,0.0,0.2,3000.0,8000.0,5000.0,0.008,0.6,1,0.0,66.00893209616967,20.8,104,5,0,0,1172.485937946476,SIMULATED_RX
tsym,tsym_T0.200_N0.008_cpfsk_none_r1,3,HELLO,cpfsk,none,1,0.0,0.2,3000.0,8000.0,5000.0,0.008,0.6,1,0.0,62.778025981388275,20.8,104,5,0,0,1172.3209409974515,SIMULATED_RX
tsym,tsym_T0.200_N0.008_cpfsk_none_r1,4,HELLO,cpfsk,none,1,0.0,0.2,3000.0,8000.0,5000.0,0.008,0.6,1,0.0,69.68735277832631,20.8,104,5,0,0,1171.1052178870887,SIMULATED_RX
tsym,tsym_T0.200_N0.008_cpfsk_none_r1,5,HELLO,cpfsk,none,1,0.0,0.2,3000.0,8000.0,5000.0,0.008,0.6,1,0.0,63.12466393062205,20.8,104,5,0,0,1174.9993090052158,SIMULATED_RX
tsym,tsym_T0.200_N0.008_cpfsk_none_r1,6,HELLO,cpfsk,none,1,0.0,0.2,3000.0,8000.0,5000.0,0.008,0.6,1,0.0,64.6784029738854,20.8,104,5,0,0,1163.6874950490892,SIMULATED_RX
tsym,tsym_T0.200_N0.008_cpfsk_none_r1,7,HELLO,cpfsk,none,1,0.0,0.2,3000.0,8000.0,5000.0,0.008,0.6,1,0.0,65.93477656740006,20.8,104,5,0,0,1173.3369880821556,SIMULATED_RX
tsym,tsym_T0.200_N0.008_cpfsk_none_r1,8,HELLO,cpfsk,none,1,0.0,0.2,3000.0,8000.0,5000.0,0.008,0.6,1,0.0,65.56086846638456,20.8,104,5,0,0,1173.7067139474675,SIMULATED_RX
tsym,tsym_T0.200_N0.008_cpfsk_none_r1,9,HELLO,cpfsk,none,1,0.0,0.2,3000.0,8000.0,5000.0,0.008,0.6,1,0.0,74.13484167172595,20.8,104,5,0,0,1174.1454299772158,SIMULATED_RX
tsym,tsym_T0.200_N0.008_cpfsk_none_r1,10,HELLO,cpfsk,none,1,0.0,0.2,3000.0,8000.0,5000.0,0.008,0.6,1,0.0,64.48018754641826,20.8,104,5,0,0,1172.0368730602786,SIMULATED_RX
tsym,tsym_T0.200_N0.008_cpfsk_none_r1,11,HELLO,cpfsk,none,1,0.0,0.2,3000.0,8000.0,5000.0,0.008,0.6,1,0.0,63.17373048098901,20.8,104,5,0,0,1175.8878090186045,SIMULATED_RX
tsym,tsym_T0.120_N0.002_cpfsk_none_r1,0,HELLO,cpfsk,none,1,0.0,0.12,3000.0,8000.0,5000.0,0.002,0.6,1,0.0,73.11460785547146,12.48,104,5,0,0,705.4441289510578,SIMULATED_RX
tsym,tsym_T0.120_N0.002_cpfsk_none_r1,1,HELLO,cpfsk,none,1,0.0,0.12,3000.0,8000.0,5000.0,0.002,0.6,1,0.0,76.25815461737534,12.48,104,5,0,0,705.2398020168766,SIMULATED_RX
tsym,tsym_T0.120_N0.002_cpfsk_none_r1,2,HELLO,cpfsk,none,1,0.0,0.12,3000.0,8000.0,5000.0,0.002,0.6,1,0.0,73.87198175636557,12.48,104,5,0,0,704.0289249271154,SIMULATED_RX
tsym,tsym_T0.120_N0.002_cpfsk_none_r1,3,HELLO,cpfsk,none,1,0.0,0.12,3000.0,8000.0,5000.0,0.002,0.6,1,0.0,75.16030277939042,12.48,104,5,0,0,703.5677380627021,SIMULATED_RX
tsym,tsym_T0.120_N0.002_cpfsk_none_r1,4,HELLO,cpfsk,none,1,0.0,0.12,3000.0,8000.0,5000.0,0.002,0.6,1,0.0,75.97929402714398,12.48,104,5,0,0,702.9293810483068,SIMULATED_RX
tsym,tsym_T0.120_N0.002_cpfsk_none_r1,5,HELLO,cpfsk,none,1,0.0,0.12,3000.0,8000.0,5000.0,0.002,0.6,1,0.0,77.63947307535658,12.48,104,5,0,0,702.9810320818797,SIMULATED_RX
tsym,tsym_T0.120_N0.002_cpfsk_none_r1,6,HELLO,cpfsk,none,1,0.0,0.12,3000.0,8000.0,5000.0,0.002,0.6,1,0.0,75.51009168962726,12.48,104,5,0,0,701.8855880014598,SIMULATED_RX
tsym,tsym_T0.120_N0.002_cpfsk_none_r1,7,HELLO,cpfsk,none,1,0.0,0.12,3000.0,8000.0,5000.0,0.002,0.6,1,0.0,73.0856656070061,12.48,104,5,0,0,702.7980230050161,SIMULATED_RX
tsym,tsym_T0.120_N0.002_cpfsk_none_r1,8,HELLO,cpfsk,none,1,0.0,0.12,3000.0,8000.0,5000.0,0.002,0.6,1,0.0,76.6235521850003,12.48,104,5,0,0,702.7104529552162,SIMULATED_RX
tsym,tsym_T0.120_N0.002_cpfsk_none_r1,9,HELLO,cpfsk,none,1,0.0,0.12,3000.0,8000.0,5000.0,0.002,0.6,1,0.0,75.48422223645478,12.48,104,5,0,0,702.5790889747441,SIMULATED_RX
tsym,tsym_T0.120_N0.002_cpfsk_none_r1,10,HELLO,cpfsk,none,1,0.0,0.12,3000.0,8000.0,5000.0,0.002,0.6,1,0.0,72.76589158755044,12.48,104,5,0,0,702.232263982296,SIMULATED_RX
tsym,tsym_T0.120_N0.002_cpfsk_none_r1,11,HELLO,cpfsk,none,1,0.0,0.12,3000.0,8000.0,5000.0,0.002,0.6,1,0.0,74.21371906824018,12.48,104,5,0,0,702.7692989213392,SIMULATED_RX
tsym,tsym_T0.120_N0.008_cpfsk_none_r1,0,HELLO,cpfsk,none,1,0.0,0.12,3000.0,8000.0,5000.0,0.008,0.6,1,0.0,63.66399907568859,12.48,104,5,0,0,702.5389099726453,SIMULATED_RX
tsym,tsym_T0.120_N0.008_cpfsk_none_r1,1,HELLO,cpfsk,none,1,0.0,0.12,3000.0,8000.0,5000.0,0.008,0.6,1,0.0,62.386110804741236,12.48,104,5,0,0,705.2420200780034,SIMULATED_RX
tsym,tsym_T0.120_N0.008_cpfsk_none_r1,2,HELLO,cpfsk,none,1,0.0,0.12,3000.0,8000.0,5000.0,0.008,0.6,1,0.0,65.27075999917022,12.48,104,5,0,0,704.7144980169833,SIMULATED_RX
tsym,tsym_T0.120_N0.008_cpfsk_none_r1,3,HELLO,cpfsk,none,1,0.0,0.12,3000.0,8000.0,5000.0,0.008,0.6,1,0.0,61.056800099815725,12.48,104,5,0,0,705.3093849681318,SIMULATED_RX
tsym,tsym_T0.120_N0.008_cpfsk_none_r1,4,HELLO,cpfsk,none,1,0.0,0.12,3000.0,8000.0,5000.0,0.008,0.6,1,0.0,64.10335843884782,12.48,104,5,0,0,705.1877829944715,SIMULATED_RX
tsym,tsym_T0.120_N0.008_cpfsk_none_r1,5,HELLO,cpfsk,none,1,0.0,0.12,3000.0,8000.0,5000.0,0.008,0.6,1,0.0,60.75373114615423,12.48,104,5,0,0,706.2901180470362,SIMULATED_RX
tsym,tsym_T0.120_N0.008_cpfsk_none_r1,6,HELLO,cpfsk,none,1,0.0,0.12,3000.0,8000.0,5000.0,0.008,0.6,1,0.0,68.45238405284195,12.48,104,5,0,0,705.3818720160052,SIMULATED_RX
tsym,tsym_T0.120_N0.008_cpfsk_none_r1,7,HELLO,cpfsk,none,1,0.0,0.12,3000.0,8000.0,5000.0,0.008,0.6,1,0.0,66.12198142598959,12.48,104,5,0,0,702.5986210210249,SIMULATED_RX
tsym,tsym_T0.120_N0.008_cpfsk_none_r1,8,HELLO,cpfsk,none,1,0.0,0.12,3000.0,8000.0,5000.0,0.008,0.6,1,0.0,61.36577591008319,12.48,104,5,0,0,702.1933359792456,SIMULATED_RX
tsym,tsym_T0.120_N0.008_cpfsk_none_r1,9,HELLO,cpfsk,none,1,0.0,0.12,3000.0,8000.0,5000.0,0.008,0.6,1,0.0,60.20664598997507,12.48,104,5,0,0,702.9985670233145,SIMULATED_RX
tsym,tsym_T0.120_N0.008_cpfsk_none_r1,10,HELLO,cpfsk,none,1,0.0,0.12,3000.0,8000.0,5000.0,0.008,0.6,1,0.0,63.838903271264506,12.48,104,5,0,0,703.783467062749,SIMULATED_RX
tsym,tsym_T0.120_N0.008_cpfsk_none_r1,11,HELLO,cpfsk,none,1,0.0,0.12,3000.0,8000.0,5000.0,0.008,0.6,1,0.0,62.16502522761546,12.48,104,5,0,0,703.2295329263434,SIMULATED_RX
tsym,tsym_T0.080_N0.002_cpfsk_none_r1,0,HELLO,cpfsk,none,1,0.0,0.08,3000.0,8000.0,5000.0,0.002,0.6,1,0.0,76.99305213061186,8.32,104,5,0,0,472.822753014043,SIMULATED_RX
tsym,tsym_T0.080_N0.002_cpfsk_none_r1,1,HELLO,cpfsk,none,1,0.0,0.08,3000.0,8000.0,5000.0,0.002,0.6,1,0.0,72.6813142235286,8.32,104,5,0,0,472.4214660236612,SIMULATED_RX
tsym,tsym_T0.080_N0.002_cpfsk_none_r1,2,HELLO,cpfsk,none,1,0.0,0.08,3000.0,8000.0,5000.0,0.002,0.6,1,0.0,74.32510428713397,8.32,104,5,0,0,473.4949270496145,SIMULATED_RX
tsym,tsym_T0.080_N0.002_cpfsk_none_r1,3,HELLO,cpfsk,none,1,0.0,0.08,3000.0,8000.0,5000.0,0.002,0.6,1,0.0,71.95592278122766,8.32,104,5,0,0,516.6003319900483,SIMULATED_RX
tsym,tsym_T0.080_N0.002_cpfsk_none_r1,4,HELLO,cpfsk,none,1,0.0,0.08,3000.0,8000.0,5000.0,0.002,0.6,1,0.0,73.27336691743888,8.32,104,5,0,0,515.5467820586637,SIMULATED_RX
tsym,tsym_T0.080_N0.002_cpfsk_none_r1,5,HELLO,cpfsk,none,1,0.0,0.08,3000.0,8000.0,5000.0,0.002,0.6,1,0.0,74.17842488753679,8.32,104,5,0,0,472.05548000056297,SIMULATED_RX
tsym,tsym_T0.080_N0.002_cpfsk_none_r1,6,HELLO,cpfsk,none,1,0.0,0.08,3000.0,8000.0,5000.0,0.002,0.6,1,0.0,74.97152064313528,8.32,104,5,0,0,471.5708050644025,SIMULATED_RX
tsym,tsym_T0.080_N0.002_cpfsk_none_r1,7,HELLO,cpfsk,none,1,0.0,0.08,3000.0,8000.0,5000.0,0.002,0.6,1,0.0,71.70722769685369,8.32,104,5,0,0,516.0214430652559,SIMULATED_RX
tsym,tsym_T0.080_N0.002_cpfsk_none_r1,8,HELLO,cpfsk,none,1,0.0,0.08,3000.0,8000.0,5000.0,0.002,0.6,1,0.0,72.74061813751588,8.32,104,5,0,0,471.54202102683485,SIMULATED_RX
tsym,tsym_T0.080_N0.002_cpfsk_none_r1,9,HELLO,cpfsk,none,1,0.0,0.08,3000.0,8000.0,5000.0,0.002,0.6,1,0.0,72.63643453520389,8.32,104,5,0,0,472.10710402578115,SIMULATED_RX
tsym,tsym_T0.080_N0.002_cpfsk_none_r1,10,HELLO,cpfsk,none,1,0.0,0.08,3000.0,8000.0,5000.0,0.002,0.6,1,0.0,75.7540183712294,8.32,104,5,0,0,472.01071796007454,SIMULATED_RX
tsym,tsym_T0.080_N0.002_cpfsk_none_r1,11,HELLO,cpfsk,none,1,0.0,0.08,3000.0,8000.0,5000.0,0.002,0.6,1,0.0,70.3743427414056,8.32,104,5,0,0,515.6662450172007,SIMULATED_RX
tsym,tsym_T0.080_N0.008_cpfsk_none_r1,0,HELLO,cpfsk,none,1,0.0,0.08,3000.0,8000.0,5000.0,0.008,0.6,1,0.0,62.26534137145088,8.32,104,5,0,0,471.9878640025854,SIMULATED_RX
tsym,tsym_T0.080_N0.008_cpfsk_none_r1,1,HELLO,cpfsk,none,1,0.0,0.08,3000.0,8000.0,5000.0,0.008,0.6,1,0.0,61.5339864135847,8.32,104,5,0,0,471.97550698183477,SIMULATED_RX
tsym,tsym_T0.080_N0.008_cpfsk_none_r1,2,HELLO,cpfsk,none,1,0.0,0.08,3000.0,8000.0,5000.0,0.008,0.6,1,0.0,56.396236066624624,8.32,104,5,0,0,471.8430209904909,SIMULATED_RX
tsym,tsym_T0.080_N0.008_cpfsk_none_r1,3,HELLO,cpfsk,none,1,0.0,0.08,3000.0,8000.0,5000.0,0.008,0.6,1,0.0,60.63869821195277,8.32,104,5,0,0,471.9089471036568,SIMULATED_RX
tsym,tsym_T0.080_N0.008_cpfsk_none_r1,4,HELLO,cpfsk,none,1,0.0,0.08,3000.0,8000.0,5000.0,0.008,0.6,1,0.0,62.21520563085417,8.32,104,5,0,0,517.3256789566949,SIMULATED_RX
tsym,tsym_T0.080_N0.008_cpfsk_none_r1,5,HELLO,cpfsk,none,1,0.0,0.08,3000.0,8000.0,5000.0,0.008,0.6,1,0.0,58.41928741574093,8.32,104,5,0,0,474.52052193693817,SIMULATED_RX
tsym,tsym_T0.080_N0.008_cpfsk_none_r1,6,HELLO,cpfsk,none,1,0.0,0.08,3000.0,8000.0,5000.0,0.008,0.6,1,0.0,61.92493037260709,8.32,104,5,0,0,472.8279550326988,SIMULATED_RX
tsym,tsym_T0.080_N0.008_cpfsk_none_r1,7,HELLO,cpfsk,none,1,0.0,0.08,3000.0,8000.0,5000.0,0.008,0.6,1,0.0,63.79807438063548,8.32,104,5,0,0,473.3012520009652,SIMULATED_RX
tsym,tsym_T0.080_N0.008_cpfsk_none_r1,8,HELLO,cpfsk,none,1,0.0,0.08,3000.0,8000.0,5000.0,0.008,0.6,1,0.0,60.85686851634144,8.32,104,5,0,0,516.8377399677411,SIMULATED_RX
tsym,tsym_T0.080_N0.008_cpfsk_none_r1,9,HELLO,cpfsk,none,1,0.0,0.08,3000.0,8000.0,5000.0,0.008,0.6,1,0.0,62.787364280412426,8.32,104,5,0,0,475.4309490090236,SIMULATED_RX
tsym,tsym_T0.080_N0.008_cpfsk_none_r1,10,HELLO,cpfsk,none,1,0.0,0.08,3000.0,8000.0,5000.0,0.008,0.6,1,0.0,64.038903450904,8.32,104,5,0,0,473.16581499762833,SIMULATED_RX
tsym,tsym_T0.080_N0.008_cpfsk_none_r1,11,HELLO,cpfsk,none,1,0.0,0.08,3000.0,8000.0,5000.0,0.008,0.6,1,0.0,59.63238829098404,8.32,104,5,0,0,517.9254709510133,SIMULATED_RX
tsym,tsym_T0.070_N0.002_cpfsk_none_r1,0,HELLO,cpfsk,none,1,0.0,0.07,3000.0,8000.0,5000.0,0.002,0.6,1,0.0,77.58529541157492,7.280000000000001,104,5,0,0,415.8553519519046,SIMULATED_RX
tsym,tsym_T0.070_N0.002_cpfsk_none_r1,1,HELLO,cpfsk,none,1,0.0,0.07,3000.0,8000.0,5000.0,0.002,0.6,1,0.0,73.84214699012846,7.280000000000001,104,5,0,0,453.10380100272596,SIMULATED_RX
tsym,tsym_T0.070_N0.002_cpfsk_none_r1,2,HELLO,cpfsk,none,1,0.0,0.07,3000.0,8000.0,5000.0,0.002,0.6,1,0.0,73.59083185791962,7.280000000000001,104,5,0,0,414.9796310812235,SIMULATED_RX
tsym,tsym_T0.070_N0.002_cpfsk_none_r1,3,HELLO,cpfsk,none,1,0.0,0.07,3000.0,8000.0,5000.0,0.002,0.6,1,0.0,71.31053124033814,7.280000000000001,104,5,0,0,415.1294929906726,SIMULATED_RX
tsym,tsym_T0.070_N0.002_cpfsk_none_r1,4,HELLO,cpfsk,none,1,0.0,0.07,3000.0,8000.0,5000.0,0.002,0.6,1,0.0,70.63041954899728,7.280000000000001,104,5,0,0,414.8418930126354,SIMULATED_RX
tsym,tsym_T0.070_N0.002_cpfsk_none_r1,5,HELLO,cpfsk,none,1,0.0,0.07,3000.0,8000.0,5000.0,0.002,0.6,1,0.0,72.20878262223198,7.280000000000001,104,5,0,0,415.15855700708926,SIMULATED_RX
tsym,tsym_T0.070_N0.002_cpfsk_none_r1,6,HELLO,cpfsk,none,1,0.0,0.07,3000.0,8000.0,5000.0,0.002,0.6,1,0.0,75.08472135072753,7.280000000000001,104,5,0,0,414.99747207853943,SIMULATED_RX
tsym,tsym_T0.070_N0.002_cpfsk_none_r1,7,HELLO,cpfsk,none,1,0.0,0.07,3000.0,8000.0,5000.0,0.002,0.6,1,0.0,69.5925103270516,7.280000000000001,104,5,0,0,414.79917895048857,SIMULATED_RX
tsym,tsym_T0.070_N0.002_cpfsk_none_r1,8,HELLO,cpfsk,none,1,0.0,0.07,3000.0,8000.0,5000.0,0.002,0.6,1,0.0,74.19995274315261,7.280000000000001,104,5,0,0,413.4267430054024,SIMULATED_RX
tsym,tsym_T0.070_N0.002_cpfsk_none_r1,9,HELLO,cpfsk,none,1,0.0,0.07,3000.0,8000.0,5000.0,0.002,0.6,1,0.0,73.41434514118964,7.280000000000001,104,5,0,0,414.0795059502125,SIMULATED_RX
tsym,tsym_T0.070_N0.002_cpfsk_none_r1,10,HELLO,cpfsk,none,1,0.0,0.07,3000.0,8000.0,5000.0,0.002,0.6,1,0.0,80.29517057385674,7.280000000000001,104,5,0,0,414.4374639727175,SIMULATED_RX
tsym,tsym_T0.070_N0.002_cpfsk_none_r1,11,HELLO,cpfsk,none,1,0.0,0.07,3000.0,8000.0,5000.0,0.002,0.6,1,0.0,76.40268709153906,7.280000000000001,104,5,0,0,413.5314190061763,SIMULATED_RX
tsym,tsym_T0.070_N0.008_cpfsk_none_r1,0,HELLO,cpfsk,none,1,0.0,0.07,3000.0,8000.0,5000.0,0.008,0.6,1,0.0,59.571855149789855,7.280000000000001,104,5,0,0,452.2492670221254,SIMULATED_RX
tsym,tsym_T0.070_N0.008_cpfsk_none_r1,1,HELLO,cpfsk,none,1,0.0,0.07,3000.0,8000.0,5000.0,0.008,0.6,1,0.0,61.91864353171452,7.280000000000001,104,5,0,0,452.80955301132053,SIMULATED_RX
tsym,tsym_T0.070_N0.008_cpfsk_none_r1,2,HELLO,cpfsk,none,1,0.0,0.07,3000.0,8000.0,5000.0,0.008,0.6,1,0.0,64.09477013597564,7.280000000000001,104,5,0,0,414.34238699730486,SIMULATED_RX
tsym,tsym_T0.070_N0.008_cpfsk_none_r1,3,HELLO,cpfsk,none,1,0.0,0.07,3000.0,8000.0,5000.0,0.008,0.6,1,0.0,60.365636227026144,7.280000000000001,104,5,0,0,414.2122969496995,SIMULATED_RX
tsym,tsym_T0.070_N0.008_cpfsk_none_r1,4,HELLO,cpfsk,none,1,0.0,0.07,3000.0,8000.0,5000.0,0.008,0.6,1,0.0,56.61819190523068,7.280000000000001,104,5,0,0,414.416934014298,SIMULATED_RX
tsym,tsym_T0.070_N0.008_cpfsk_none_r1,5,HELLO,cpfsk,none,1,0.0,0.07,3000.0,8000.0,5000.0,0.008,0.6,1,0.0,64.38608776722606,7.280000000000001,104,5,0,0,414.2972429981455,SIMULATED_RX
tsym,tsym_T0.070_N0.008_cpfsk_none_r1,6,HELLO,cpfsk,none,1,0.0,0.07,3000.0,8000.0,5000.0,0.008,0.6,1,0.0,64.97247935089158,7.280000000000001,104,5,0,0,413.6250690789893,SIMULATED_RX
tsym,tsym_T0.070_N0.008_cpfsk_none_r1,7,HELLO,cpfsk,none,1,0.0,0.07,3000.0,8000.0,5000.0,0.008,0.6,1,0.0,60.385142289080406,7.280000000000001,104,5,0,0,414.0722550218925,SIMULATED_RX
tsym,tsym_T0.070_N0.008_cpfsk_none_r1,8,HELLO,cpfsk,none,1,0.0,0.07,3000.0,8000.0,5000.0,0.008,0.6,1,0.0,64.13951812352363,7.280000000000001,104,5,0,0,414.39905506558716,SIMULATED_RX
tsym,tsym_T0.070_N0.008_cpfsk_none_r1,9,HELLO,cpfsk,none,1,0.0,0.07,3000.0,8000.0,5000.0,0.008,0.6,1,0.0,60.02130257164004,7.280000000000001,104,5,0,0,414.15175097063184,SIMULATED_RX
tsym,tsym_T0.070_N0.008_cpfsk_none_r1,10,HELLO,cpfsk,none,1,0.0,0.07,3000.0,8000.0,5000.0,0.008,0.6,1,0.0,61.1954936623945,7.280000000000001,104,5,0,0,414.06375099904835,SIMULATED_RX
tsym,tsym_T0.070_N0.008_cpfsk_none_r1,11,HELLO,cpfsk,none,1,0.0,0.07,3000.0,8000.0,5000.0,0.008,0.6,1,0.0,63.19096871418993,7.280000000000001,104,5,0,0,414.37811602372676,SIMULATED_RX
tsym,tsym_T0.050_N0.002_cpfsk_none_r1,0,HELLO,cpfsk,none,1,0.0,0.05,3000.0,8000.0,5000.0,0.002,0.6,1,0.0,70.63206865207128,5.2,104,5,0,0,297.92033007834107,SIMULATED_RX
tsym,tsym_T0.050_N0.002_cpfsk_none_r1,1,HELLO,cpfsk,none,1,0.0,0.05,3000.0,8000.0,5000.0,0.002,0.6,1,0.0,67.9942547184223,5.2,104,5,0,0,325.61317295767367,SIMULATED_RX
tsym,tsym_T0.050_N0.002_cpfsk_none_r1,2,HELLO,cpfsk,none,1,0.0,0.05,3000.0,8000.0,5000.0,0.002,0.6,1,0.0,71.65095481035601,5.2,104,5,0,0,298.3468169113621,SIMULATED_RX
tsym,tsym_T0.050_N0.002_cpfsk_none_r1,3,HELLO,cpfsk,none,1,0.0,0.05,3000.0,8000.0,5000.0,0.002,0.6,1,0.0,79.62346078566303,5.2,104,5,0,0,298.2689639320597,SIMULATED_RX
tsym,tsym_T0.050_N0.002_cpfsk_none_r1,4,HELLO,cpfsk,none,1,0.0,0.05,3000.0,8000.0,5000.0,0.002,0.6,1,0.0,76.19711332335824,5.2,104,5,0,0,298.3946979511529,SIMULATED_RX
tsym,tsym_T0.050_N0.002_cpfsk_none_r1,5,HELLO,cpfsk,none,1,0.0,0.05,3000.0,8000.0,5000.0,0.002,0.6,1,0.0,70.72899765237936,5.2,104,5,0,0,298.41617203783244,SIMULATED_RX
tsym,tsym_T0.050_N0.002_cpfsk_none_r1,6,HELLO,cpfsk,none,1,0.0,0.05,3000.0,8000.0,5000.0,0.002,0.6,1,0.0,73.50017820463974,5.2,104,5,0,0,326.7605499131605,SIMULATED_RX
tsym,tsym_T0.050_N0.002_cpfsk_none_r1,7,HELLO,cpfsk,none,1,0.0,0.05,3000.0,8000.0,5000.0,0.002,0.6,1,0.0,72.71678627374656,5.2,104,5,0,0,300.04899099003524,SIMULATED_RX
tsym,tsym_T0.050_N0.002_cpfsk_none_r1,8,HELLO,cpfsk,none,1,0.0,0.05,3000.0,8000.0,5000.0,0.002,0.6,1,0.0,70.17296899236165,5.2,104,5,0,0,327.19766697846353,SIMULATED_RX
tsym,tsym_T0.050_N0.002_cpfsk_none_r1,9,HELLO,cpfsk,none,1,0.0,0.05,3000.0,8000.0,5000.0,0.002,0.6,1,0.0,68.2437776896979,5.2,104,5,0,0,327.06584699917585,SIMULATED_RX
tsym,tsym_T0.050_N0.002_cpfsk_none_r1,10,HELLO,cpfsk,none,1,0.0,0.05,3000.0,8000.0,5000.0,0.002,0.6,1,0.0,68.52458593310462,5.2,104,5,0,0,327.42027495987713,SIMULATED_RX
tsym,tsym_T0.050_N0.002_cpfsk_none_r1,11,HELLO,cpfsk,none,1,0.0,0.05,3000.0,8000.0,5000.0,0.002,0.6,1,0.0,71.98176977263289,5.2,104,5,0,0,315.9437789581716,SIMULATED_RX
tsym,tsym_T0.050_N0.008_cpfsk_none_r1,0,HELLO,cpfsk,none,1,0.0,0.05,3000.0,8000.0,5000.0,0.008,0.6,1,0.0,61.8054083648765,5.2,104,5,0,0,299.7212039772421,SIMULATED_RX
tsym,tsym_T0.050_N0.008_cpfsk_none_r1,1,HELLO,cpfsk,none,1,0.0,0.05,3000.0,8000.0,5000.0,0.008,0.6,1,0.0,61.87100831825508,5.2,104,5,0,0,299.66727702412754,SIMULATED_RX
tsym,tsym_T0.050_N0.008_cpfsk_none_r1,2,HELLO,cpfsk,none,1,0.0,0.05,3000.0,8000.0,5000.0,0.008,0.6,1,0.0,59.47211225407872,5.2,104,5,0,0,299.0037869894877,SIMULATED_RX
tsym,tsym_T0.050_N0.008_cpfsk_none_r1,3,HELLO,cpfsk,none,1,0.0,0.05,3000.0,8000.0,5000.0,0.008,0.6,1,0.0,59.52785385573743,5.2,104,5,0,0,326.81966898962855,SIMULATED_RX
tsym,tsym_T0.050_N0.008_cpfsk_none_r1,4,HELLO,cpfsk,none,1,0.0,0.05,3000.0,8000.0,5000.0,0.008,0.6,1,0.0,61.442806545680256,5.2,104,5,0,0,299.35204493813217,SIMULATED_RX
tsym,tsym_T0.050_N0.008_cpfsk_none_r1,5,HELLO,cpfsk,none,1,0.0,0.05,3000.0,8000.0,5000.0,0.008,0.6,1,0.0,58.95612523435898,5.2,104,5,0,0,298.7620880594477,SIMULATED_RX
tsym,tsym_T0.050_N0.008_cpfsk_none_r1,6,HELLO,cpfsk,none,1,0.0,0.05,3000.0,8000.0,5000.0,0.008,0.6,1,0.0,58.828573352851464,5.2,104,5,0,0,326.1618970427662,SIMULATED_RX
tsym,tsym_T0.050_N0.008_cpfsk_none_r1,7,HELLO,cpfsk,none,1,0.0,0.05,3000.0,8000.0,5000.0,0.008,0.6,1,0.0,67.65362762235112,5.2,104,5,0,0,299.58461108617485,SIMULATED_RX
tsym,tsym_T0.050_N0.008_cpfsk_none_r1,8,HELLO,cpfsk,none,1,0.0,0.05,3000.0,8000.0,5000.0,0.008,0.6,1,0.0,55.9387003116878,5.2,104,5,0,0,299.0584459621459,SIMULATED_RX
tsym,tsym_T0.050_N0.008_cpfsk_none_r1,9,HELLO,cpfsk,none,1,0.0,0.05,3000.0,8000.0,5000.0,0.008,0.6,1,0.0,62.58252339865731,5.2,104,5,0,0,327.413899009116,SIMULATED_RX
tsym,tsym_T0.050_N0.008_cpfsk_none_r1,10,HELLO,cpfsk,none,1,0.0,0.05,3000.0,8000.0,5000.0,0.008,0.6,1,0.0,61.18837569117098,5.2,104,5,0,0,327.0747750066221,SIMULATED_RX
tsym,tsym_T0.050_N0.008_cpfsk_none_r1,11,HELLO,cpfsk,none,1,0.0,0.05,3000.0,8000.0,5000.0,0.008,0.6,1,0.0,61.800019226265775,5.2,104,5,0,0,299.5718129677698,SIMULATED_RX
tsym,tsym_T0.040_N0.002_cpfsk_none_r1,0,HELLO,cpfsk,none,1,0.0,0.04,3000.0,8000.0,5000.0,0.002,0.6,1,0.0,68.70661251529073,4.16,104,5,0,0,263.48010497167706,SIMULATED_RX
tsym,tsym_T0.040_N0.002_cpfsk_none_r1,1,HELLO,cpfsk,none,1,0.0,0.04,3000.0,8000.0,5000.0,0.002,0.6,1,0.0,73.58214021649034,4.16,104,5,0,0,240.86615000851452,SIMULATED_RX
tsym,tsym_T0.040_N0.002_cpfsk_none_r1,2,HELLO,cpfsk,none,1,0.0,0.04,3000.0,8000.0,5000.0,0.002,0.6,1,0.0,67.96218841921225,4.16,104,5,0,0,240.69340899586678,SIMULATED_RX
tsym,tsym_T0.040_N0.002_cpfsk_none_r1,3,HELLO,cpfsk,none,1,0.0,0.04,3000.0,8000.0,5000.0,0.002,0.6,1,0.0,68.8935023495934,4.16,104,5,0,0,262.97383510973305,SIMULATED_RX
tsym,tsym_T0.040_N0.002_cpfsk_none_r1,4,HELLO,cpfsk,none,1,0.0,0.04,3000.0,8000.0,5000.0,0.002,0.6,1,0.0,73.46840418073859,4.16,104,5,0,0,241.25876708421856,SIMULATED_RX
tsym,tsym_T0.040_N0.002_cpfsk_none_r1,5,HELLO,cpfsk,none,1,0.0,0.04,3000.0,8000.0,5000.0,0.002,0.6,1,0.0,68.76574522103087,4.16,104,5,0,0,240.68314407486469,SIMULATED_RX
tsym,tsym_T0.040_N0.002_cpfsk_none_r1,6,HELLO,cpfsk,none,1,0.0,0.04,3000.0,8000.0,5000.0,0.002,0.6,1,0.0,71.62267335786245,4.16,104,5,0,0,263.27749202027917,SIMULATED_RX
tsym,tsym_T0.040_N0.002_cpfsk_none_r1,7,HELLO,cpfsk,none,1,0.0,0.04,3000.0,8000.0,5000.0,0.002,0.6,1,0.0,72.615771699046,4.16,104,5,0,0,263.414719956927,SIMULATED_RX
tsym,tsym_T0.040_N0.002_cpfsk_none_r1,8,HELLO,cpfsk,none,1,0.0,0.04,3000.0,8000.0,5000.0,0.002,0.6,1,0.0,68.61517024626431,4.16,104,5,0,0,262.97641498968005,SIMULATED_RX
tsym,tsym_T0.040_N0.002_cpfsk_none_r1,9,HELLO,cpfsk,none,1,0.0,0.04,3000.0,8000.0,5000.0,0.002,0.6,1,0.0,69.69505695120483,4.16,104,5,0,0,241.07378290500492,SIMULATED_RX
tsym,tsym_T0.040_N0.002_cpfsk_none_r1,10,HELLO,cpfsk,none,1,0.0,0.04,3000.0,8000.0,5000.0,0.002,0.6,1,0.0,69.64688015073781,4.16,104,5,0,0,262.8643919015303,SIMULATED_RX
tsym,tsym_T0.040_N0.002_cpfsk_none_r1,11,HELLO,cpfsk,none,1,0.0,0.04,3000.0,8000.0,5000.0,0.002,0.6,1,0.0,68.43601211904422,4.16,104,5,0,0,263.919033925049,SIMULATED_RX
tsym,tsym_T0.040_N0.008_cpfsk_none_r1,0,HELLO,cpfsk,none,1,0.0,0.04,3000.0,8000.0,5000.0,0.008,0.6,1,0.0,62.98592123008169,4.16,104,5,0,0,241.11509800422937,SIMULATED_RX
tsym,tsym_T0.040_N0.008_cpfsk_none_r1,1,HELLO,cpfsk,none,1,0.0,0.04,3000.0,8000.0,5000.0,0.008,0.6,1,0.0,61.6649688936197,4.16,104,5,0,0,263.6012990260497,SIMULATED_RX
tsym,tsym_T0.040_N0.008_cpfsk_none_r1,2,HELLO,cpfsk,none,1,0.0,0.04,3000.0,8000.0,5000.0,0.008,0.6,1,0.0,58.70813371896233,4.16,104,5,0,0,240.87595799937844,SIMULATED_RX
tsym,tsym_T0.040_N0.008_cpfsk_none_r1,3,HELLO,cpfsk,none,1,0.0,0.04,3000.0,8000.0,5000.0,0.008,0.6,1,0.0,57.403927001436806,4.16,104,5,0,0,264.1426840564236,SIMULATED_RX
tsym,tsym_T0.040_N0.008_cpfsk_none_r1,4,HELLO,cpfsk,none,1,0.0,0.04,3000.0,8000.0,5000.0,0.008,0.6,1,0.0,57.45026279541726,4.16,104,5,0,0,240.86662800982594,SIMULATED_RX
tsym,tsym_T0.040_N0.008_cpfsk_none_r1,5,HELLO,cpfsk,none,1,0.0,0.04,3000.0,8000.0,5000.0,0.008,0.6,1,0.0,61.19539771638866,4.16,104,5,0,0,263.24610505253077,SIMULATED_RX
tsym,tsym_T0.040_N0.008_cpfsk_none_r1,6,HELLO,cpfsk,none,1,0.0,0.04,3000.0,8000.0,5000.0,0.008,0.6,1,0.0,63.23737487610249,4.16,104,5,0,0,263.15409201197326,SIMULATED_RX
tsym,tsym_T0.040_N0.008_cpfsk_none_r1,7,HELLO,cpfsk,none,1,0.0,0.04,3000.0,8000.0,5000.0,0.008,0.6,1,0.0,59.002372162534144,4.16,104,5,0,0,240.5258339131251,SIMULATED_RX
tsym,tsym_T0.040_N0.008_cpfsk_none_r1,8,HELLO,cpfsk,none,1,0.0,0.04,3000.0,8000.0,5000.0,0.008,0.6,1,0.0,57.97205321244788,4.16,104,5,0,0,240.6031129648909,SIMULATED_RX
tsym,tsym_T0.040_N0.008_cpfsk_none_r1,9,HELLO,cpfsk,none,1,0.0,0.04,3000.0,8000.0,5000.0,0.008,0.6,1,0.0,59.851667353969546,4.16,104,5,0,0,263.83996894583106,SIMULATED_RX
tsym,tsym_T0.040_N0.008_cpfsk_none_r1,10,HELLO,cpfsk,none,1,0.0,0.04,3000.0,8000.0,5000.0,0.008,0.6,1,0.0,60.39212903008451,4.16,104,5,0,0,262.7195590175688,SIMULATED_RX
tsym,tsym_T0.040_N0.008_cpfsk_none_r1,11,HELLO,cpfsk,none,1,0.0,0.04,3000.0,8000.0,5000.0,0.008,0.6,1,0.0,60.790677577139604,4.16,104,5,0,0,240.65854004584253,SIMULATED_RX
tsym,tsym_T0.030_N0.002_cpfsk_none_r1,0,HELLO,cpfsk,none,1,0.0,0.03,3000.0,8000.0,5000.0,0.002,0.6,1,0.0,68.13722095107386,3.12,104,5,0,0,215.536831994541,SIMULATED_RX
tsym,tsym_T0.030_N0.002_cpfsk_none_r1,1,HELLO,cpfsk,none,1,0.0,0.03,3000.0,8000.0,5000.0,0.002,0.6,1,0.0,68.10872597246018,3.12,104,5,0,0,198.93160404171795,SIMULATED_RX
tsym,tsym_T0.030_N0.002_cpfsk_none_r1,2,HELLO,cpfsk,none,1,0.0,0.03,3000.0,8000.0,5000.0,0.002,0.6,1,0.0,68.97288249680133,3.12,104,5,0,0,181.99164199177176,SIMULATED_RX
tsym,tsym_T0.030_N0.002_cpfsk_none_r1,3,HELLO,cpfsk,none,1,0.0,0.03,3000.0,8000.0,5000.0,0.002,0.6,1,0.0,71.7062153311985,3.12,104,5,0,0,198.92769807484,SIMULATED_RX
tsym,tsym_T0.030_N0.002_cpfsk_none_r1,4,HELLO,cpfsk,none,1,0.0,0.03,3000.0,8000.0,5000.0,0.002,0.6,1,0.0,73.17836872918046,3.12,104,5,0,0,199.5438450248912,SIMULATED_RX
tsym,tsym_T0.030_N0.002_cpfsk_none_r1,5,HELLO,cpfsk,none,1,0.0,0.03,3000.0,8000.0,5000.0,0.002,0.6,1,0.0,69.67862520362353,3.12,104,5,0,0,200.56488295085728,SIMULATED_RX
tsym,tsym_T0.030_N0.002_cpfsk_none_r1,6,HELLO,cpfsk,none,1,0.0,0.03,3000.0,8000.0,5000.0,0.002,0.6,1,0.0,74.18900864682067,3.12,104,5,0,0,198.7652600510046,SIMULATED_RX
tsym,tsym_T0.030_N0.002_cpfsk_none_r1,7,HELLO,cpfsk,none,1,0.0,0.03,3000.0,8000.0,5000.0,0.002,0.6,1,0.0,68.04062956275233,3.12,104,5,0,0,198.62677704077214,SIMULATED_RX
tsym,tsym_T0.030_N0.002_cpfsk_none_r1,8,HELLO,cpfsk,none,1,0.0,0.03,3000.0,8000.0,5000.0,0.002,0.6,1,0.0,66.97174079554742,3.12,104,5,0,0,198.94227909389883,SIMULATED_RX
tsym,tsym_T0.030_N0.002_cpfsk_none_r1,9,HELLO,cpfsk,none,1,0.0,0.03,3000.0,8000.0,5000.0,0.002,0.6,1,0.0,70.27802139734068,3.12,104,5,0,0,198.40142398606986,SIMULATED_RX
tsym,tsym_T0.030_N0.002_cpfsk_none_r1,10,HELLO,cpfsk,none,1,0.0,0.03,3000.0,8000.0,5000.0,0.002,0.6,1,0.0,69.33461778950947,3.12,104,5,0,0,198.61116399988532,SIMULATED_RX
tsym,tsym_T0.030_N0.002_cpfsk_none_r1,11,HELLO,cpfsk,none,1,0.0,0.03,3000.0,8000.0,5000.0,0.002,0.6,1,0.0,72.77758536630476,3.12,104,5,0,0,181.69763300102204,SIMULATED_RX
tsym,tsym_T0.030_N0.008_cpfsk_none_r1,0,HELLO,cpfsk,none,1,0.0,0.03,3000.0,8000.0,5000.0,0.008,0.6,1,0.0,54.798258732377306,3.12,104,5,0,0,181.95207696408033,SIMULATED_RX
tsym,tsym_T0.030_N0.008_cpfsk_none_r1,1,HELLO,cpfsk,none,1,0.0,0.03,3000.0,8000.0,5000.0,0.008,0.6,1,0.0,56.960962521776594,3.12,104,5,0,0,198.24584596790373,SIMULATED_RX
tsym,tsym_T0.030_N0.008_cpfsk_none_r1,2,HELLO,cpfsk,none,1,0.0,0.03,3000.0,8000.0,5000.0,0.008,0.6,1,0.0,56.4559139099671,3.12,104,5,0,0,198.5664180247113,SIMULATED_RX
tsym,tsym_T0.030_N0.008_cpfsk_none_r1,3,HELLO,cpfsk,none,1,0.0,0.03,3000.0,8000.0,5000.0,0.008,0.6,1,0.0,58.08680852109417,3.12,104,5,0,0,198.85333790443838,SIMULATED_RX
tsym,tsym_T0.030_N0.008_cpfsk_none_r1,4,HELLO,cpfsk,none,1,0.0,0.03,3000.0,8000.0,5000.0,0.008,0.6,1,0.0,56.914305419599145,3.12,104,5,0,0,198.33870395086706,SIMULATED_RX
tsym,tsym_T0.030_N0.008_cpfsk_none_r1,5,HELLO,cpfsk,none,1,0.0,0.03,3000.0,8000.0,5000.0,0.008,0.6,1,0.0,62.27829673355056,3.12,104,5,0,0,181.66321702301502,SIMULATED_RX
tsym,tsym_T0.030_N0.008_cpfsk_none_r1,6,HELLO,cpfsk,none,1,0.0,0.03,3000.0,8000.0,5000.0,0.008,0.6,1,0.0,59.52020009113919,3.12,104,5,0,0,198.40641098562628,SIMULATED_RX
tsym,tsym_T0.030_N0.008_cpfsk_none_r1,7,HELLO,cpfsk,none,1,0.0,0.03,3000.0,8000.0,5000.0,0.008,0.6,1,0.0,56.28120332225728,3.12,104,5,0,0,198.47983703948557,SIMULATED_RX
tsym,tsym_T0.030_N0.008_cpfsk_none_r1,8,HELLO,cpfsk,none,1,0.0,0.03,3000.0,8000.0,5000.0,0.008,0.6,1,0.0,59.04942181881884,3.12,104,5,0,0,198.69142200332135,SIMULATED_RX
tsym,tsym_T0.030_N0.008_cpfsk_none_r1,9,HELLO,cpfsk,none,1,0.0,0.03,3000.0,8000.0,5000.0,0.008,0.6,1,0.0,57.02142413694123,3.12,104,5,0,0,198.97702801972628,SIMULATED_RX
tsym,tsym_T0.030_N0.008_cpfsk_none_r1,10,HELLO,cpfsk,none,1,0.0,0.03,3000.0,8000.0,5000.0,0.008,0.6,1,0.0,57.3044784310522,3.12,104,5,0,0,181.5545130521059,SIMULATED_RX
tsym,tsym_T0.030_N0.008_cpfsk_none_r1,11,HELLO,cpfsk,none,1,0.0,0.03,3000.0,8000.0,5000.0,0.008,0.6,1,0.0,58.533992354463884,3.12,104,5,0,0,181.79828603751957,SIMULATED_RX
spacing,spacing_4000_5000_T0.07,0,HELLO,cpfsk,none,1,0.0,0.07,4000,5000,1000,0.005,0.55,1,0.0,67.0378198965211,7.280000000000001,104,5,0,0,413.9910079538822,SIMULATED_RX
spacing,spacing_4000_5000_T0.07,1,HELLO,cpfsk,none,1,0.0,0.07,4000,5000,1000,0.005,0.55,1,0.0,65.59567866441132,7.280000000000001,104,5,0,0,452.66658591572195,SIMULATED_RX
spacing,spacing_4000_5000_T0.07,2,HELLO,cpfsk,none,1,0.0,0.07,4000,5000,1000,0.005,0.55,1,0.0,65.83710238372937,7.280000000000001,104,5,0,0,413.74007996637374,SIMULATED_RX
spacing,spacing_4000_5000_T0.07,3,HELLO,cpfsk,none,1,0.0,0.07,4000,5000,1000,0.005,0.55,1,0.0,63.02567443457406,7.280000000000001,104,5,0,0,414.3316230038181,SIMULATED_RX
spacing,spacing_4000_5000_T0.07,4,HELLO,cpfsk,none,1,0.0,0.07,4000,5000,1000,0.005,0.55,1,0.0,62.557802944855005,7.280000000000001,104,5,0,0,415.6041359528899,SIMULATED_RX
spacing,spacing_4000_5000_T0.07,5,HELLO,cpfsk,none,1,0.0,0.07,4000,5000,1000,0.005,0.55,1,0.0,64.07377644593258,7.280000000000001,104,5,0,0,453.124983003363,SIMULATED_RX
spacing,spacing_4000_5000_T0.07,6,HELLO,cpfsk,none,1,0.0,0.07,4000,5000,1000,0.005,0.55,1,0.0,70.48989423825972,7.280000000000001,104,5,0,0,454.410195001401,SIMULATED_RX
spacing,spacing_4000_5000_T0.07,7,HELLO,cpfsk,none,1,0.0,0.07,4000,5000,1000,0.005,0.55,1,0.0,61.05887742085934,7.280000000000001,104,5,0,0,453.4527590731159,SIMULATED_RX
spacing,spacing_4000_5000_T0.07,8,HELLO,cpfsk,none,1,0.0,0.07,4000,5000,1000,0.005,0.55,1,0.0,62.55220499646459,7.280000000000001,104,5,0,0,453.0728680547327,SIMULATED_RX
spacing,spacing_4000_5000_T0.07,9,HELLO,cpfsk,none,1,0.0,0.07,4000,5000,1000,0.005,0.55,1,0.0,63.89291618091445,7.280000000000001,104,5,0,0,454.2932570911944,SIMULATED_RX
spacing,spacing_4000_5000_T0.07,10,HELLO,cpfsk,none,1,0.0,0.07,4000,5000,1000,0.005,0.55,1,0.0,62.80833058554916,7.280000000000001,104,5,0,0,415.974663104862,SIMULATED_RX
spacing,spacing_4000_5000_T0.07,11,HELLO,cpfsk,none,1,0.0,0.07,4000,5000,1000,0.005,0.55,1,0.0,64.36625404608301,7.280000000000001,104,5,0,0,415.5451060505584,SIMULATED_RX
spacing,spacing_3500_5500_T0.07,0,HELLO,cpfsk,none,1,0.0,0.07,3500,5500,2000,0.005,0.55,1,0.0,64.87847072676956,7.280000000000001,104,5,0,0,454.8388260882348,SIMULATED_RX
spacing,spacing_3500_5500_T0.07,1,HELLO,cpfsk,none,1,0.0,0.07,3500,5500,2000,0.005,0.55,1,0.0,63.515652323950924,7.280000000000001,104,5,0,0,415.5526129761711,SIMULATED_RX
spacing,spacing_3500_5500_T0.07,2,HELLO,cpfsk,none,1,0.0,0.07,3500,5500,2000,0.005,0.55,1,0.0,63.108778404702896,7.280000000000001,104,5,0,0,453.6736570298672,SIMULATED_RX
spacing,spacing_3500_5500_T0.07,3,HELLO,cpfsk,none,1,0.0,0.07,3500,5500,2000,0.005,0.55,1,0.0,65.56694124582802,7.280000000000001,104,5,0,0,414.80634501203895,SIMULATED_RX
spacing,spacing_3500_5500_T0.07,4,HELLO,cpfsk,none,1,0.0,0.07,3500,5500,2000,0.005,0.55,1,0.0,74.72323409767542,7.280000000000001,104,5,0,0,414.94175093248487,SIMULATED_RX
spacing,spacing_3500_5500_T0.07,5,HELLO,cpfsk,none,1,0.0,0.07,3500,5500,2000,0.005,0.55,1,0.0,65.20972960967055,7.280000000000001,104,5,0,0,414.7798720514402,SIMULATED_RX
spacing,spacing_3500_5500_T0.07,6,HELLO,cpfsk,none,1,0.0,0.07,3500,5500,2000,0.005,0.55,1,0.0,61.67348743110977,7.280000000000001,104,5,0,0,413.552779937163,SIMULATED_RX
spacing,spacing_3500_5500_T0.07,7,HELLO,cpfsk,none,1,0.0,0.07,3500,5500,2000,0.005,0.55,1,0.0,60.702411403504215,7.280000000000001,104,5,0,0,414.77560298517346,SIMULATED_RX
spacing,spacing_3500_5500_T0.07,8,HELLO,cpfsk,none,1,0.0,0.07,3500,5500,2000,0.005,0.55,1,0.0,61.41895560996973,7.280000000000001,104,5,0,0,452.1077269455418,SIMULATED_RX
spacing,spacing_3500_5500_T0.07,9,HELLO,cpfsk,none,1,0.0,0.07,3500,5500,2000,0.005,0.55,1,0.0,66.88532399666694,7.280000000000001,104,5,0,0,413.4856140008196,SIMULATED_RX
spacing,spacing_3500_5500_T0.07,10,HELLO,cpfsk,none,1,0.0,0.07,3500,5500,2000,0.005,0.55,1,0.0,61.33248974750336,7.280000000000001,104,5,0,0,413.36309304460883,SIMULATED_RX
spacing,spacing_3500_5500_T0.07,11,HELLO,cpfsk,none,1,0.0,0.07,3500,5500,2000,0.005,0.55,1,0.0,62.30910520260626,7.280000000000001,104,5,0,0,413.59755396842957,SIMULATED_RX
spacing,spacing_3000_6000_T0.07,0,HELLO,cpfsk,none,1,0.0,0.07,3000,6000,3000,0.005,0.55,1,0.0,64.95049290975969,7.280000000000001,104,5,0,0,413.8988360064104,SIMULATED_RX
spacing,spacing_3000_6000_T0.07,1,HELLO,cpfsk,none,1,0.0,0.07,3000,6000,3000,0.005,0.55,1,0.0,64.8141997331267,7.280000000000001,104,5,0,0,415.0635340483859,SIMULATED_RX
spacing,spacing_3000_6000_T0.07,2,HELLO,cpfsk,none,1,0.0,0.07,3000,6000,3000,0.005,0.55,1,0.0,67.8615378341157,7.280000000000001,104,5,0,0,453.8670040201396,SIMULATED_RX
spacing,spacing_3000_6000_T0.07,3,HELLO,cpfsk,none,1,0.0,0.07,3000,6000,3000,0.005,0.55,1,0.0,64.73737821594264,7.280000000000001,104,5,0,0,414.6738280542195,SIMULATED_RX
spacing,spacing_3000_6000_T0.07,4,HELLO,cpfsk,none,1,0.0,0.07,3000,6000,3000,0.005,0.55,1,0.0,62.16433828640375,7.280000000000001,104,5,0,0,416.0758568905294,SIMULATED_RX
spacing,spacing_3000_6000_T0.07,5,HELLO,cpfsk,none,1,0.0,0.07,3000,6000,3000,0.005,0.55,1,0.0,65.07746038252493,7.280000000000001,104,5,0,0,414.1333759762347,SIMULATED_RX
spacing,spacing_3000_6000_T0.07,6,HELLO,cpfsk,none,1,0.0,0.07,3000,6000,3000,0.005,0.55,1,0.0,61.91360266032681,7.280000000000001,104,5,0,0,414.0589040471241,SIMULATED_RX
spacing,spacing_3000_6000_T0.07,7,HELLO,cpfsk,none,1,0.0,0.07,3000,6000,3000,0.005,0.55,1,0.0,65.43061607524169,7.280000000000001,104,5,0,0,452.34007004182786,SIMULATED_RX
spacing,spacing_3000_6000_T0.07,8,HELLO,cpfsk,none,1,0.0,0.07,3000,6000,3000,0.005,0.55,1,0.0,62.27074059939647,7.280000000000001,104,5,0,0,451.64415310136974,SIMULATED_RX
spacing,spacing_3000_6000_T0.07,9,HELLO,cpfsk,none,1,0.0,0.07,3000,6000,3000,0.005,0.55,1,0.0,64.27452061785785,7.280000000000001,104,5,0,0,413.35123393218964,SIMULATED_RX
spacing,spacing_3000_6000_T0.07,10,HELLO,cpfsk,none,1,0.0,0.07,3000,6000,3000,0.005,0.55,1,0.0,67.9080660920243,7.280000000000001,104,5,0,0,413.4004400111735,SIMULATED_RX
spacing,spacing_3000_6000_T0.07,11,HELLO,cpfsk,none,1,0.0,0.07,3000,6000,3000,0.005,0.55,1,0.0,60.80397221883299,7.280000000000001,104,5,0,0,414.8429939523339,SIMULATED_RX
spacing,spacing_3000_8000_T0.07,0,HELLO,cpfsk,none,1,0.0,0.07,3000,8000,5000,0.005,0.55,1,0.0,68.35118936658384,7.280000000000001,104,5,0,0,413.72360300738364,SIMULATED_RX
spacing,spacing_3000_8000_T0.07,1,HELLO,cpfsk,none,1,0.0,0.07,3000,8000,5000,0.005,0.55,1,0.0,69.23326790098874,7.280000000000001,104,5,0,0,415.5164200346917,SIMULATED_RX
spacing,spacing_3000_8000_T0.07,2,HELLO,cpfsk,none,1,0.0,0.07,3000,8000,5000,0.005,0.55,1,0.0,66.8504165266962,7.280000000000001,104,5,0,0,414.4219709560275,SIMULATED_RX
spacing,spacing_3000_8000_T0.07,3,HELLO,cpfsk,none,1,0.0,0.07,3000,8000,5000,0.005,0.55,1,0.0,72.99095224139475,7.280000000000001,104,5,0,0,413.89792796690017,SIMULATED_RX
spacing,spacing_3000_8000_T0.07,4,HELLO,cpfsk,none,1,0.0,0.07,3000,8000,5000,0.005,0.55,1,0.0,62.640773259848075,7.280000000000001,104,5,0,0,414.2068070359528,SIMULATED_RX
spacing,spacing_3000_8000_T0.07,5,HELLO,cpfsk,none,1,0.0,0.07,3000,8000,5000,0.005,0.55,1,0.0,61.68321643094092,7.280000000000001,104,5,0,0,453.54456396307796,SIMULATED_RX
spacing,spacing_3000_8000_T0.07,6,HELLO,cpfsk,none,1,0.0,0.07,3000,8000,5000,0.005,0.55,1,0.0,63.9016790914825,7.280000000000001,104,5,0,0,451.90387789625674,SIMULATED_RX
spacing,spacing_3000_8000_T0.07,7,HELLO,cpfsk,none,1,0.0,0.07,3000,8000,5000,0.005,0.55,1,0.0,67.90510261359344,7.280000000000001,104,5,0,0,452.4170190561563,SIMULATED_RX
spacing,spacing_3000_8000_T0.07,8,HELLO,cpfsk,none,1,0.0,0.07,3000,8000,5000,0.005,0.55,1,0.0,66.85802067161582,7.280000000000001,104,5,0,0,454.00113507639617,SIMULATED_RX
spacing,spacing_3000_8000_T0.07,9,HELLO,cpfsk,none,1,0.0,0.07,3000,8000,5000,0.005,0.55,1,0.0,63.684745361943236,7.280000000000001,104,5,0,0,414.72928191069514,SIMULATED_RX
spacing,spacing_3000_8000_T0.07,10,HELLO,cpfsk,none,1,0.0,0.07,3000,8000,5000,0.005,0.55,1,0.0,64.127494328162,7.280000000000001,104,5,0,0,415.30682402662933,SIMULATED_RX
spacing,spacing_3000_8000_T0.07,11,HELLO,cpfsk,none,1,0.0,0.07,3000,8000,5000,0.005,0.55,1,0.0,60.4118561789269,7.280000000000001,104,5,0,0,414.6900790510699,SIMULATED_RX
spacing,spacing_2500_9000_T0.07,0,HELLO,cpfsk,none,1,0.0,0.07,2500,9000,6500,0.005,0.55,1,0.0,61.65483559076332,7.280000000000001,104,5,0,0,452.37152790650725,SIMULATED_RX
spacing,spacing_2500_9000_T0.07,1,HELLO,cpfsk,none,1,0.0,0.07,2500,9000,6500,0.005,0.55,1,0.0,65.31532825254209,7.280000000000001,104,5,0,0,415.46917508821934,SIMULATED_RX
spacing,spacing_2500_9000_T0.07,2,HELLO,cpfsk,none,1,0.0,0.07,2500,9000,6500,0.005,0.55,1,0.0,65.52215949809577,7.280000000000001,104,5,0,0,453.4805159782991,SIMULATED_RX
spacing,spacing_2500_9000_T0.07,3,HELLO,cpfsk,none,1,0.0,0.07,2500,9000,6500,0.005,0.55,1,0.0,64.67117660125352,7.280000000000001,104,5,0,0,414.3545979168266,SIMULATED_RX
spacing,spacing_2500_9000_T0.07,4,HELLO,cpfsk,none,1,0.0,0.07,2500,9000,6500,0.005,0.55,1,0.0,64.89927196559753,7.280000000000001,104,5,0,0,413.5950239142403,SIMULATED_RX
spacing,spacing_2500_9000_T0.07,5,HELLO,cpfsk,none,1,0.0,0.07,2500,9000,6500,0.005,0.55,1,0.0,63.48331670439292,7.280000000000001,104,5,0,0,414.4540010020137,SIMULATED_RX
spacing,spacing_2500_9000_T0.07,6,HELLO,cpfsk,none,1,0.0,0.07,2500,9000,6500,0.005,0.55,1,0.0,67.25872420420787,7.280000000000001,104,5,0,0,414.54338608309627,SIMULATED_RX
spacing,spacing_2500_9000_T0.07,7,HELLO,cpfsk,none,1,0.0,0.07,2500,9000,6500,0.005,0.55,1,0.0,64.94853637481847,7.280000000000001,104,5,0,0,413.7983890250325,SIMULATED_RX
spacing,spacing_2500_9000_T0.07,8,HELLO,cpfsk,none,1,0.0,0.07,2500,9000,6500,0.005,0.55,1,0.0,65.75700587266466,7.280000000000001,104,5,0,0,414.392959093675,SIMULATED_RX
spacing,spacing_2500_9000_T0.07,9,HELLO,cpfsk,none,1,0.0,0.07,2500,9000,6500,0.005,0.55,1,0.0,68.45970880542143,7.280000000000001,104,5,0,0,413.4856800083071,SIMULATED_RX
spacing,spacing_2500_9000_T0.07,10,HELLO,cpfsk,none,1,0.0,0.07,2500,9000,6500,0.005,0.55,1,0.0,65.05795950194259,7.280000000000001,104,5,0,0,414.23046903219074,SIMULATED_RX
spacing,spacing_2500_9000_T0.07,11,HELLO,cpfsk,none,1,0.0,0.07,2500,9000,6500,0.005,0.55,1,0.0,66.01732840331577,7.280000000000001,104,5,0,0,451.94555807393044,SIMULATED_RX
spacing,spacing_2000_10000_T0.07,0,HELLO,cpfsk,none,1,0.0,0.07,2000,10000,8000,0.005,0.55,1,0.0,72.3706929380665,7.280000000000001,104,5,0,0,453.1591479899362,SIMULATED_RX
spacing,spacing_2000_10000_T0.07,1,HELLO,cpfsk,none,1,0.0,0.07,2000,10000,8000,0.005,0.55,1,0.0,67.93569580920858,7.280000000000001,104,5,0,0,414.0235560480505,SIMULATED_RX
spacing,spacing_2000_10000_T0.07,2,HELLO,cpfsk,none,1,0.0,0.07,2000,10000,8000,0.005,0.55,1,0.0,63.81107687327382,7.280000000000001,104,5,0,0,414.1487480374053,SIMULATED_RX
spacing,spacing_2000_10000_T0.07,3,HELLO,cpfsk,none,1,0.0,0.07,2000,10000,8000,0.005,0.55,1,0.0,62.59865112334652,7.280000000000001,104,5,0,0,452.71731598768383,SIMULATED_RX
spacing,spacing_2000_10000_T0.07,4,HELLO,cpfsk,none,1,0.0,0.07,2000,10000,8000,0.005,0.55,1,0.0,63.74029295572839,7.280000000000001,104,5,0,0,414.1477330122143,SIMULATED_RX
spacing,spacing_2000_10000_T0.07,5,HELLO,cpfsk,none,1,0.0,0.07,2000,10000,8000,0.005,0.55,1,0.0,64.28878449361646,7.280000000000001,104,5,0,0,413.82806096225977,SIMULATED_RX
spacing,spacing_2000_10000_T0.07,6,HELLO,cpfsk,none,1,0.0,0.07,2000,10000,8000,0.005,0.55,1,0.0,66.48657532595739,7.280000000000001,104,5,0,0,413.9874310931191,SIMULATED_RX
spacing,spacing_2000_10000_T0.07,7,HELLO,cpfsk,none,1,0.0,0.07,2000,10000,8000,0.005,0.55,1,0.0,63.6015608928086,7.280000000000001,104,5,0,0,413.9305290300399,SIMULATED_RX
spacing,spacing_2000_10000_T0.07,8,HELLO,cpfsk,none,1,0.0,0.07,2000,10000,8000,0.005,0.55,1,0.0,64.27201810118041,7.280000000000001,104,5,0,0,452.2429769858718,SIMULATED_RX
spacing,spacing_2000_10000_T0.07,9,HELLO,cpfsk,none,1,0.0,0.07,2000,10000,8000,0.005,0.55,1,0.0,63.41471052567726,7.280000000000001,104,5,0,0,452.65288394875824,SIMULATED_RX
spacing,spacing_2000_10000_T0.07,10,HELLO,cpfsk,none,1,0.0,0.07,2000,10000,8000,0.005,0.55,1,0.0,66.50712236910381,7.280000000000001,104,5,0,0,413.7366389622912,SIMULATED_RX
spacing,spacing_2000_10000_T0.07,11,HELLO,cpfsk,none,1,0.0,0.07,2000,10000,8000,0.005,0.55,1,0.0,61.20268942832265,7.280000000000001,104,5,0,0,414.2718210350722,SIMULATED_RX
modulation,mod_bfsk_T0.120,0,HELLO,bfsk,none,1,0.0,0.12,3000.0,8000.0,5000.0,0.006,0.55,1,0.0,64.2404304665921,12.48,104,5,0,0,702.9214079957455,SIMULATED_RX
modulation,mod_bfsk_T0.120,1,HELLO,bfsk,none,1,0.0,0.12,3000.0,8000.0,5000.0,0.006,0.55,1,0.0,68.97465077427485,12.48,104,5,0,0,702.6507960399613,SIMULATED_RX
modulation,mod_bfsk_T0.120,2,HELLO,bfsk,none,1,0.0,0.12,3000.0,8000.0,5000.0,0.006,0.55,1,0.0,68.98612192338612,12.48,104,5,0,0,701.1831459822133,SIMULATED_RX
modulation,mod_bfsk_T0.120,3,HELLO,bfsk,none,1,0.0,0.12,3000.0,8000.0,5000.0,0.006,0.55,1,0.0,65.97294765270254,12.48,104,5,0,0,700.3143379697576,SIMULATED_RX
modulation,mod_bfsk_T0.120,4,HELLO,bfsk,none,1,0.0,0.12,3000.0,8000.0,5000.0,0.006,0.55,1,0.0,65.24613748637478,12.48,104,5,0,0,699.9628089834005,SIMULATED_RX
modulation,mod_bfsk_T0.120,5,HELLO,bfsk,none,1,0.0,0.12,3000.0,8000.0,5000.0,0.006,0.55,1,0.0,64.17928378726451,12.48,104,5,0,0,701.5249730320647,SIMULATED_RX
modulation,mod_bfsk_T0.120,6,HELLO,bfsk,none,1,0.0,0.12,3000.0,8000.0,5000.0,0.006,0.55,1,0.0,66.66885625479597,12.48,104,5,0,0,697.9992060223594,SIMULATED_RX
modulation,mod_bfsk_T0.120,7,HELLO,bfsk,none,1,0.0,0.12,3000.0,8000.0,5000.0,0.006,0.55,1,0.0,64.89253514712091,12.48,104,5,0,0,704.3532449752092,SIMULATED_RX
modulation,mod_bfsk_T0.120,8,HELLO,bfsk,none,1,0.0,0.12,3000.0,8000.0,5000.0,0.006,0.55,1,0.0,67.88705980891672,12.48,104,5,0,0,703.7988739321008,SIMULATED_RX
modulation,mod_bfsk_T0.120,9,HELLO,bfsk,none,1,0.0,0.12,3000.0,8000.0,5000.0,0.006,0.55,1,0.0,68.29829095477339,12.48,104,5,0,0,704.5084059936926,SIMULATED_RX
modulation,mod_bfsk_T0.120,10,HELLO,bfsk,none,1,0.0,0.12,3000.0,8000.0,5000.0,0.006,0.55,1,0.0,69.98864043402406,12.48,104,5,0,0,703.0781739158556,SIMULATED_RX
modulation,mod_bfsk_T0.120,11,HELLO,bfsk,none,1,0.0,0.12,3000.0,8000.0,5000.0,0.006,0.55,1,0.0,65.53250543578194,12.48,104,5,0,0,701.7439940245822,SIMULATED_RX
modulation,mod_bfsk_T0.070,0,HELLO,bfsk,none,1,0.0,0.07,3000.0,8000.0,5000.0,0.006,0.55,1,0.0,69.72331445733951,7.280000000000001,104,5,0,0,411.6736170835793,SIMULATED_RX
modulation,mod_bfsk_T0.070,1,HELLO,bfsk,none,1,0.0,0.07,3000.0,8000.0,5000.0,0.006,0.55,1,0.0,63.700559978485416,7.280000000000001,104,5,0,0,450.721096014604,SIMULATED_RX
modulation,mod_bfsk_T0.070,2,HELLO,bfsk,none,1,0.0,0.07,3000.0,8000.0,5000.0,0.006,0.55,1,0.0,62.56914447821526,7.280000000000001,104,5,0,0,451.41891902312636,SIMULATED_RX
modulation,mod_bfsk_T0.070,3,HELLO,bfsk,none,1,0.0,0.07,3000.0,8000.0,5000.0,0.006,0.55,1,0.0,62.438823578021285,7.280000000000001,104,5,0,0,413.90634002164006,SIMULATED_RX
modulation,mod_bfsk_T0.070,4,HELLO,bfsk,none,1,0.0,0.07,3000.0,8000.0,5000.0,0.006,0.55,1,0.0,66.51549455418638,7.280000000000001,104,5,0,0,413.20237796753645,SIMULATED_RX
modulation,mod_bfsk_T0.070,5,HELLO,bfsk,none,1,0.0,0.07,3000.0,8000.0,5000.0,0.006,0.55,1,0.0,63.00336709574867,7.280000000000001,104,5,0,0,413.9589979313314,SIMULATED_RX
modulation,mod_bfsk_T0.070,6,HELLO,bfsk,none,1,0.0,0.07,3000.0,8000.0,5000.0,0.006,0.55,1,0.0,62.917429471747575,7.280000000000001,104,5,0,0,451.6171150607988,SIMULATED_RX
modulation,mod_bfsk_T0.070,7,HELLO,bfsk,none,1,0.0,0.07,3000.0,8000.0,5000.0,0.006,0.55,1,0.0,62.69268488811293,7.280000000000001,104,5,0,0,451.10970293171704,SIMULATED_RX
modulation,mod_bfsk_T0.070,8,HELLO,bfsk,none,1,0.0,0.07,3000.0,8000.0,5000.0,0.006,0.55,1,0.0,66.58891087150829,7.280000000000001,104,5,0,0,413.6145170778036,SIMULATED_RX
modulation,mod_bfsk_T0.070,9,HELLO,bfsk,none,1,0.0,0.07,3000.0,8000.0,5000.0,0.006,0.55,1,0.0,61.179546903789294,7.280000000000001,104,5,0,0,451.7602890264243,SIMULATED_RX
modulation,mod_bfsk_T0.070,10,HELLO,bfsk,none,1,0.0,0.07,3000.0,8000.0,5000.0,0.006,0.55,1,0.0,63.73643786243973,7.280000000000001,104,5,0,0,414.13429810199887,SIMULATED_RX
modulation,mod_bfsk_T0.070,11,HELLO,bfsk,none,1,0.0,0.07,3000.0,8000.0,5000.0,0.006,0.55,1,0.0,62.47568247120569,7.280000000000001,104,5,0,0,411.50512907188386,SIMULATED_RX
modulation,mod_bfsk_T0.040,0,HELLO,bfsk,none,1,0.0,0.04,3000.0,8000.0,5000.0,0.006,0.55,1,0.0,61.19551633656032,4.16,104,5,0,0,262.0525440433994,SIMULATED_RX
modulation,mod_bfsk_T0.040,1,HELLO,bfsk,none,1,0.0,0.04,3000.0,8000.0,5000.0,0.006,0.55,1,0.0,60.20055666654562,4.16,104,5,0,0,262.3847589129582,SIMULATED_RX
modulation,mod_bfsk_T0.040,2,HELLO,bfsk,none,1,0.0,0.04,3000.0,8000.0,5000.0,0.006,0.55,1,0.0,62.84033283449312,4.16,104,5,0,0,240.10288598947227,SIMULATED_RX
modulation,mod_bfsk_T0.040,3,HELLO,bfsk,none,1,0.0,0.04,3000.0,8000.0,5000.0,0.006,0.55,1,0.0,59.30308160557223,4.16,104,5,0,0,262.70331302657723,SIMULATED_RX
modulation,mod_bfsk_T0.040,4,HELLO,bfsk,none,1,0.0,0.04,3000.0,8000.0,5000.0,0.006,0.55,1,0.0,58.274503977530294,4.16,104,5,0,0,262.93766498565674,SIMULATED_RX
modulation,mod_bfsk_T0.040,5,HELLO,bfsk,none,1,0.0,0.04,3000.0,8000.0,5000.0,0.006,0.55,1,0.0,60.082458095086224,4.16,104,5,0,0,261.98138599283993,SIMULATED_RX
modulation,mod_bfsk_T0.040,6,HELLO,bfsk,none,1,0.0,0.04,3000.0,8000.0,5000.0,0.006,0.55,1,0.0,60.743380913927005,4.16,104,5,0,0,262.30226398911327,SIMULATED_RX
modulation,mod_bfsk_T0.040,7,HELLO,bfsk,none,1,0.0,0.04,3000.0,8000.0,5000.0,0.006,0.55,1,0.0,65.15667243098157,4.16,104,5,0,0,239.79303101077676,SIMULATED_RX
modulation,mod_bfsk_T0.040,8,HELLO,bfsk,none,1,0.0,0.04,3000.0,8000.0,5000.0,0.006,0.55,1,0.0,64.80496502736378,4.16,104,5,0,0,261.9875780073926,SIMULATED_RX
modulation,mod_bfsk_T0.040,9,HELLO,bfsk,none,1,0.0,0.04,3000.0,8000.0,5000.0,0.006,0.55,1,0.0,62.067610633039685,4.16,104,5,0,0,261.9671099819243,SIMULATED_RX
modulation,mod_bfsk_T0.040,10,HELLO,bfsk,none,1,0.0,0.04,3000.0,8000.0,5000.0,0.006,0.55,1,0.0,58.461480749659884,4.16,104,5,0,0,239.36387908179313,SIMULATED_RX
modulation,mod_bfsk_T0.040,11,HELLO,bfsk,none,1,0.0,0.04,3000.0,8000.0,5000.0,0.006,0.55,1,0.0,60.51353577153138,4.16,104,5,0,0,261.8558140238747,SIMULATED_RX
modulation,mod_cpfsk_T0.120,0,HELLO,cpfsk,none,1,0.0,0.12,3000.0,8000.0,5000.0,0.006,0.55,1,0.0,70.27310489466768,12.48,104,5,0,0,704.812231939286,SIMULATED_RX
modulation,mod_cpfsk_T0.120,1,HELLO,cpfsk,none,1,0.0,0.12,3000.0,8000.0,5000.0,0.006,0.55,1,0.0,70.52724392274817,12.48,104,5,0,0,705.2110630320385,SIMULATED_RX
modulation,mod_cpfsk_T0.120,2,HELLO,cpfsk,none,1,0.0,0.12,3000.0,8000.0,5000.0,0.006,0.55,1,0.0,68.63253423526153,12.48,104,5,0,0,702.1428250009194,SIMULATED_RX
modulation,mod_cpfsk_T0.120,3,HELLO,cpfsk,none,1,0.0,0.12,3000.0,8000.0,5000.0,0.006,0.55,1,0.0,60.74130496120308,12.48,104,5,0,0,703.2518499763682,SIMULATED_RX
modulation,mod_cpfsk_T0.120,4,HELLO,cpfsk,none,1,0.0,0.12,3000.0,8000.0,5000.0,0.006,0.55,1,0.0,62.16250406558255,12.48,104,5,0,0,700.9510920615867,SIMULATED_RX
modulation,mod_cpfsk_T0.120,5,HELLO,cpfsk,none,1,0.0,0.12,3000.0,8000.0,5000.0,0.006,0.55,1,0.0,64.39875515847642,12.48,104,5,0,0,698.3668468892574,SIMULATED_RX
modulation,mod_cpfsk_T0.120,6,HELLO,cpfsk,none,1,0.0,0.12,3000.0,8000.0,5000.0,0.006,0.55,1,0.0,63.36069201883248,12.48,104,5,0,0,701.059577986598,SIMULATED_RX
modulation,mod_cpfsk_T0.120,7,HELLO,cpfsk,none,1,0.0,0.12,3000.0,8000.0,5000.0,0.006,0.55,1,0.0,67.41492640262045,12.48,104,5,0,0,698.8959439331666,SIMULATED_RX
modulation,mod_cpfsk_T0.120,8,HELLO,cpfsk,none,1,0.0,0.12,3000.0,8000.0,5000.0,0.006,0.55,1,0.0,65.8183300942473,12.48,104,5,0,0,701.123257051222,SIMULATED_RX
modulation,mod_cpfsk_T0.120,9,HELLO,cpfsk,none,1,0.0,0.12,3000.0,8000.0,5000.0,0.006,0.55,1,0.0,66.55300584889171,12.48,104,5,0,0,702.8726870194077,SIMULATED_RX
modulation,mod_cpfsk_T0.120,10,HELLO,cpfsk,none,1,0.0,0.12,3000.0,8000.0,5000.0,0.006,0.55,1,0.0,61.803336937241184,12.48,104,5,0,0,704.5604540035129,SIMULATED_RX
modulation,mod_cpfsk_T0.120,11,HELLO,cpfsk,none,1,0.0,0.12,3000.0,8000.0,5000.0,0.006,0.55,1,0.0,63.137924212614024,12.48,104,5,0,0,704.2216950794682,SIMULATED_RX
modulation,mod_cpfsk_T0.070,0,HELLO,cpfsk,none,1,0.0,0.07,3000.0,8000.0,5000.0,0.006,0.55,1,0.0,62.897093742186996,7.280000000000001,104,5,0,0,417.59100602939725,SIMULATED_RX
modulation,mod_cpfsk_T0.070,1,HELLO,cpfsk,none,1,0.0,0.07,3000.0,8000.0,5000.0,0.006,0.55,1,0.0,61.59322489116769,7.280000000000001,104,5,0,0,413.57209091074765,SIMULATED_RX
modulation,mod_cpfsk_T0.070,2,HELLO,cpfsk,none,1,0.0,0.07,3000.0,8000.0,5000.0,0.006,0.55,1,0.0,64.47854260927213,7.280000000000001,104,5,0,0,452.03696994576603,SIMULATED_RX
modulation,mod_cpfsk_T0.070,3,HELLO,cpfsk,none,1,0.0,0.07,3000.0,8000.0,5000.0,0.006,0.55,1,0.0,62.944490444867824,7.280000000000001,104,5,0,0,413.9204790117219,SIMULATED_RX
modulation,mod_cpfsk_T0.070,4,HELLO,cpfsk,none,1,0.0,0.07,3000.0,8000.0,5000.0,0.006,0.55,1,0.0,62.66384154725075,7.280000000000001,104,5,0,0,414.82521896250546,SIMULATED_RX
modulation,mod_cpfsk_T0.070,5,HELLO,cpfsk,none,1,0.0,0.07,3000.0,8000.0,5000.0,0.006,0.55,1,0.0,61.98580422084676,7.280000000000001,104,5,0,0,451.6139429761097,SIMULATED_RX
modulation,mod_cpfsk_T0.070,6,HELLO,cpfsk,none,1,0.0,0.07,3000.0,8000.0,5000.0,0.006,0.55,1,0.0,63.87348803108377,7.280000000000001,104,5,0,0,452.0490299910307,SIMULATED_RX
modulation,mod_cpfsk_T0.070,7,HELLO,cpfsk,none,1,0.0,0.07,3000.0,8000.0,5000.0,0.006,0.55,1,0.0,62.13017666854292,7.280000000000001,104,5,0,0,413.66415400989354,SIMULATED_RX
modulation,mod_cpfsk_T0.070,8,HELLO,cpfsk,none,1,0.0,0.07,3000.0,8000.0,5000.0,0.006,0.55,1,0.0,64.63561899095055,7.280000000000001,104,5,0,0,451.0739480610937,SIMULATED_RX
modulation,mod_cpfsk_T0.070,9,HELLO,cpfsk,none,1,0.0,0.07,3000.0,8000.0,5000.0,0.006,0.55,1,0.0,64.03332558024876,7.280000000000001,104,5,0,0,451.8507169559598,SIMULATED_RX
modulation,mod_cpfsk_T0.070,10,HELLO,cpfsk,none,1,0.0,0.07,3000.0,8000.0,5000.0,0.006,0.55,1,0.0,67.53486010705173,7.280000000000001,104,5,0,0,452.30991195421666,SIMULATED_RX
modulation,mod_cpfsk_T0.070,11,HELLO,cpfsk,none,1,0.0,0.07,3000.0,8000.0,5000.0,0.006,0.55,1,0.0,60.379992178377,7.280000000000001,104,5,0,0,453.4527229843661,SIMULATED_RX
modulation,mod_cpfsk_T0.040,0,HELLO,cpfsk,none,1,0.0,0.04,3000.0,8000.0,5000.0,0.006,0.55,1,0.0,66.19816638564825,4.16,104,5,0,0,261.9050539797172,SIMULATED_RX
modulation,mod_cpfsk_T0.040,1,HELLO,cpfsk,none,1,0.0,0.04,3000.0,8000.0,5000.0,0.006,0.55,1,0.0,59.437490808940304,4.16,104,5,0,0,261.59331505186856,SIMULATED_RX
modulation,mod_cpfsk_T0.040,2,HELLO,cpfsk,none,1,0.0,0.04,3000.0,8000.0,5000.0,0.006,0.55,1,0.0,63.63996118831728,4.16,104,5,0,0,262.7021659864113,SIMULATED_RX
modulation,mod_cpfsk_T0.040,3,HELLO,cpfsk,none,1,0.0,0.04,3000.0,8000.0,5000.0,0.006,0.55,1,0.0,67.59199136561502,4.16,104,5,0,0,262.77846994344145,SIMULATED_RX
modulation,mod_cpfsk_T0.040,4,HELLO,cpfsk,none,1,0.0,0.04,3000.0,8000.0,5000.0,0.006,0.55,1,0.0,56.36186759871528,4.16,104,5,0,0,261.58059609588236,SIMULATED_RX
modulation,mod_cpfsk_T0.040,5,HELLO,cpfsk,none,1,0.0,0.04,3000.0,8000.0,5000.0,0.006,0.55,1,0.0,56.22542475998216,4.16,104,5,0,0,262.7338470192626,SIMULATED_RX
modulation,mod_cpfsk_T0.040,6,HELLO,cpfsk,none,1,0.0,0.04,3000.0,8000.0,5000.0,0.006,0.55,1,0.0,61.0454072408433,4.16,104,5,0,0,239.4304859917611,SIMULATED_RX
modulation,mod_cpfsk_T0.040,7,HELLO,cpfsk,none,1,0.0,0.04,3000.0,8000.0,5000.0,0.006,0.55,1,0.0,58.516686149187166,4.16,104,5,0,0,262.76195293758065,SIMULATED_RX
modulation,mod_cpfsk_T0.040,8,HELLO,cpfsk,none,1,0.0,0.04,3000.0,8000.0,5000.0,0.006,0.55,1,0.0,66.10200217169552,4.16,104,5,0,0,240.45842699706554,SIMULATED_RX
modulation,mod_cpfsk_T0.040,9,HELLO,cpfsk,none,1,0.0,0.04,3000.0,8000.0,5000.0,0.006,0.55,1,0.0,57.58565906849345,4.16,104,5,0,0,240.3200239641592,SIMULATED_RX
modulation,mod_cpfsk_T0.040,10,HELLO,cpfsk,none,1,0.0,0.04,3000.0,8000.0,5000.0,0.006,0.55,1,0.0,62.50746735689957,4.16,104,5,0,0,240.69676303770393,SIMULATED_RX
modulation,mod_cpfsk_T0.040,11,HELLO,cpfsk,none,1,0.0,0.04,3000.0,8000.0,5000.0,0.006,0.55,1,0.0,59.91048444002642,4.16,104,5,0,0,241.36973696295172,SIMULATED_RX
redundancy,redundancy_none_r1_s0.00,0,HELLO,cpfsk,none,1,0.0,0.05,3000.0,8000.0,5000.0,0.012,0.45,1,0.0,52.802977686112996,5.2,104,5,0,0,300.0359949655831,SIMULATED_RX
redundancy,redundancy_none_r1_s0.00,1,HELLO,cpfsk,none,1,0.0,0.05,3000.0,8000.0,5000.0,0.012,0.45,1,0.0,53.74333660304796,5.2,104,5,0,0,326.19605702348053,SIMULATED_RX
redundancy,redundancy_none_r1_s0.00,2,HELLO,cpfsk,none,1,0.0,0.05,3000.0,8000.0,5000.0,0.012,0.45,1,0.0,54.49163896406866,5.2,104,5,0,0,326.9581299973652,SIMULATED_RX
redundancy,redundancy_none_r1_s0.00,3,HELLO,cpfsk,none,1,0.0,0.05,3000.0,8000.0,5000.0,0.012,0.45,1,0.0,54.269126901024066,5.2,104,5,0,0,298.7320329993963,SIMULATED_RX
redundancy,redundancy_none_r1_s0.00,4,HELLO,cpfsk,none,1,0.0,0.05,3000.0,8000.0,5000.0,0.012,0.45,1,0.0,53.566770598551486,5.2,104,5,0,0,298.90238400548697,SIMULATED_RX
redundancy,redundancy_none_r1_s0.00,5,HELLO,cpfsk,none,1,0.0,0.05,3000.0,8000.0,5000.0,0.012,0.45,1,0.0,55.18515044498086,5.2,104,5,0,0,325.4117099568248,SIMULATED_RX
redundancy,redundancy_none_r1_s0.00,6,HELLO,cpfsk,none,1,0.0,0.05,3000.0,8000.0,5000.0,0.012,0.45,1,0.0,54.03449772093889,5.2,104,5,0,0,326.30967698059976,SIMULATED_RX
redundancy,redundancy_none_r1_s0.00,7,HELLO,cpfsk,none,1,0.0,0.05,3000.0,8000.0,5000.0,0.012,0.45,1,0.0,54.49352583415178,5.2,104,5,0,0,298.14680700656027,SIMULATED_RX
redundancy,redundancy_none_r1_s0.00,8,HELLO,cpfsk,none,1,0.0,0.05,3000.0,8000.0,5000.0,0.012,0.45,1,0.0,56.08709145037054,5.2,104,5,0,0,325.0783400144428,SIMULATED_RX
redundancy,redundancy_none_r1_s0.00,9,HELLO,cpfsk,none,1,0.0,0.05,3000.0,8000.0,5000.0,0.012,0.45,1,0.0,51.77674914641454,5.2,104,5,0,0,297.78918297961354,SIMULATED_RX
redundancy,redundancy_none_r1_s0.00,10,HELLO,cpfsk,none,1,0.0,0.05,3000.0,8000.0,5000.0,0.012,0.45,1,0.0,53.974787491929575,5.2,104,5,0,0,297.1974100219086,SIMULATED_RX
redundancy,redundancy_none_r1_s0.00,11,HELLO,cpfsk,none,1,0.0,0.05,3000.0,8000.0,5000.0,0.012,0.45,1,0.0,51.35575608135008,5.2,104,5,0,0,296.93548392970115,SIMULATED_RX
redundancy,redundancy_hamming74_r1_s0.00,0,HELLO,cpfsk,hamming74,1,0.0,0.05,3000.0,8000.0,5000.0,0.012,0.45,1,0.0,57.804791953861795,8.25,165,5,0,0,514.5641539711505,SIMULATED_RX
redundancy,redundancy_hamming74_r1_s0.00,1,HELLO,cpfsk,hamming74,1,0.0,0.05,3000.0,8000.0,5000.0,0.012,0.45,1,0.0,55.70063465170364,8.25,165,5,0,0,470.05965292919427,SIMULATED_RX
redundancy,redundancy_hamming74_r1_s0.00,2,HELLO,cpfsk,hamming74,1,0.0,0.05,3000.0,8000.0,5000.0,0.012,0.45,1,0.0,56.809416920293785,8.25,165,5,0,0,469.68775300774723,SIMULATED_RX
redundancy,redundancy_hamming74_r1_s0.00,3,HELLO,cpfsk,hamming74,1,0.0,0.05,3000.0,8000.0,5000.0,0.012,0.45,1,0.0,55.641054874174934,8.25,165,5,0,0,469.7358818957582,SIMULATED_RX
redundancy,redundancy_hamming74_r1_s0.00,4,HELLO,cpfsk,hamming74,1,0.0,0.05,3000.0,8000.0,5000.0,0.012,0.45,1,0.0,61.793355414894776,8.25,165,5,0,0,468.4354489436373,SIMULATED_RX
redundancy,redundancy_hamming74_r1_s0.00,5,HELLO,cpfsk,hamming74,1,0.0,0.05,3000.0,8000.0,5000.0,0.012,0.45,1,0.0,57.709903858094364,8.25,165,5,0,0,513.9242339646444,SIMULATED_RX
redundancy,redundancy_hamming74_r1_s0.00,6,HELLO,cpfsk,hamming74,1,0.0,0.05,3000.0,8000.0,5000.0,0.012,0.45,1,0.0,55.12681932445771,8.25,165,5,0,0,513.6851270217448,SIMULATED_RX
redundancy,redundancy_hamming74_r1_s0.00,7,HELLO,cpfsk,hamming74,1,0.0,0.05,3000.0,8000.0,5000.0,0.012,0.45,1,0.0,60.02512879680537,8.25,165,5,0,0,514.1772869974375,SIMULATED_RX
redundancy,redundancy_hamming74_r1_s0.00,8,HELLO,cpfsk,hamming74,1,0.0,0.05,3000.0,8000.0,5000.0,0.012,0.45,1,0.0,53.59077411009036,8.25,165,5,0,0,470.1193100772798,SIMULATED_RX
redundancy,redundancy_hamming74_r1_s0.00,9,HELLO,cpfsk,hamming74,1,0.0,0.05,3000.0,8000.0,5000.0,0.012,0.45,1,0.0,56.47831529918683,8.25,165,5,0,0,470.28693999163806,SIMULATED_RX
redundancy,redundancy_hamming74_r1_s0.00,10,HELLO,cpfsk,hamming74,1,0.0,0.05,3000.0,8000.0,5000.0,0.012,0.45,1,0.0,52.843664766333795,8.25,165,5,0,0,514.146493980661,SIMULATED_RX
redundancy,redundancy_hamming74_r1_s0.00,11,HELLO,cpfsk,hamming74,1,0.0,0.05,3000.0,8000.0,5000.0,0.012,0.45,1,0.0,53.34107045932014,8.25,165,5,0,0,513.2062899647281,SIMULATED_RX
redundancy,redundancy_none_r2_s0.25,0,HELLO,cpfsk,none,2,0.25,0.05,3000.0,8000.0,5000.0,0.012,0.45,1,0.0,57.798339997278376,10.65,104,5,0,0,322.86899199243635,SIMULATED_RX
redundancy,redundancy_none_r2_s0.25,1,HELLO,cpfsk,none,2,0.25,0.05,3000.0,8000.0,5000.0,0.012,0.45,1,0.0,58.1135683925017,10.65,104,5,0,0,380.3687759209424,SIMULATED_RX
redundancy,redundancy_none_r2_s0.25,2,HELLO,cpfsk,none,2,0.25,0.05,3000.0,8000.0,5000.0,0.012,0.45,1,0.0,55.473511156004996,10.65,104,5,0,0,380.62787102535367,SIMULATED_RX
redundancy,redundancy_none_r2_s0.25,3,HELLO,cpfsk,none,2,0.25,0.05,3000.0,8000.0,5000.0,0.012,0.45,1,0.0,58.256984138150074,10.65,104,5,0,0,324.0998589899391,SIMULATED_RX
redundancy,redundancy_none_r2_s0.25,4,HELLO,cpfsk,none,2,0.25,0.05,3000.0,8000.0,5000.0,0.012,0.45,1,0.0,55.19094686714128,10.65,104,5,0,0,381.0381409712136,SIMULATED_RX
redundancy,redundancy_none_r2_s0.25,5,HELLO,cpfsk,none,2,0.25,0.05,3000.0,8000.0,5000.0,0.012,0.45,1,0.0,62.50005862841447,10.65,104,5,0,0,323.930702987127,SIMULATED_RX
redundancy,redundancy_none_r2_s0.25,6,HELLO,cpfsk,none,2,0.25,0.05,3000.0,8000.0,5000.0,0.012,0.45,1,0.0,56.24300741179091,10.65,104,5,0,0,324.3601080030203,SIMULATED_RX
redundancy,redundancy_none_r2_s0.25,7,HELLO,cpfsk,none,2,0.25,0.05,3000.0,8000.0,5000.0,0.012,0.45,1,0.0,55.46546649077412,10.65,104,5,0,0,380.79084106720984,SIMULATED_RX
redundancy,redundancy_none_r2_s0.25,8,HELLO,cpfsk,none,2,0.25,0.05,3000.0,8000.0,5000.0,0.012,0.45,1,0.0,58.11404758973424,10.65,104,5,0,0,385.59454097412527,SIMULATED_RX
redundancy,redundancy_none_r2_s0.25,9,HELLO,cpfsk,none,2,0.25,0.05,3000.0,8000.0,5000.0,0.012,0.45,1,0.0,58.357144587922306,10.65,104,5,0,0,381.0923770070076,SIMULATED_RX
redundancy,redundancy_none_r2_s0.25,10,HELLO,cpfsk,none,2,0.25,0.05,3000.0,8000.0,5000.0,0.012,0.45,1,0.0,57.19812919370665,10.65,104,5,0,0,324.5867689838633,SIMULATED_RX
redundancy,redundancy_none_r2_s0.25,11,HELLO,cpfsk,none,2,0.25,0.05,3000.0,8000.0,5000.0,0.012,0.45,1,0.0,54.43010361749722,10.65,104,5,0,0,325.1153110759333,SIMULATED_RX
redundancy,redundancy_hamming74_r2_s0.25,0,HELLO,cpfsk,hamming74,2,0.25,0.05,3000.0,8000.0,5000.0,0.012,0.45,1,0.0,60.358872225859855,16.75,165,5,0,0,950.7704279385507,SIMULATED_RX
redundancy,redundancy_hamming74_r2_s0.25,1,HELLO,cpfsk,hamming74,2,0.25,0.05,3000.0,8000.0,5000.0,0.012,0.45,1,0.0,61.899935507651236,16.75,165,5,0,0,1038.2934730732813,SIMULATED_RX
redundancy,redundancy_hamming74_r2_s0.25,2,HELLO,cpfsk,hamming74,2,0.25,0.05,3000.0,8000.0,5000.0,0.012,0.45,1,0.0,61.753920044093526,16.75,165,5,0,0,950.1391920493916,SIMULATED_RX
redundancy,redundancy_hamming74_r2_s0.25,3,HELLO,cpfsk,hamming74,2,0.25,0.05,3000.0,8000.0,5000.0,0.012,0.45,1,0.0,66.66933396845208,16.75,165,5,0,0,950.4345069872215,SIMULATED_RX
redundancy,redundancy_hamming74_r2_s0.25,4,HELLO,cpfsk,hamming74,2,0.25,0.05,3000.0,8000.0,5000.0,0.012,0.45,1,0.0,58.62480986898687,16.75,165,5,0,0,1037.995159975253,SIMULATED_RX
redundancy,redundancy_hamming74_r2_s0.25,5,HELLO,cpfsk,hamming74,2,0.25,0.05,3000.0,8000.0,5000.0,0.012,0.45,1,0.0,58.5841305043241,16.75,165,5,0,0,947.5986869074404,SIMULATED_RX
redundancy,redundancy_hamming74_r2_s0.25,6,HELLO,cpfsk,hamming74,2,0.25,0.05,3000.0,8000.0,5000.0,0.012,0.45,1,0.0,61.769705609342395,16.75,165,5,0,0,948.9667209563777,SIMULATED_RX
redundancy,redundancy_hamming74_r2_s0.25,7,HELLO,cpfsk,hamming74,2,0.25,0.05,3000.0,8000.0,5000.0,0.012,0.45,1,0.0,59.217567022987495,16.75,165,5,0,0,949.1035769460723,SIMULATED_RX
redundancy,redundancy_hamming74_r2_s0.25,8,HELLO,cpfsk,hamming74,2,0.25,0.05,3000.0,8000.0,5000.0,0.012,0.45,1,0.0,60.99350722947287,16.75,165,5,0,0,1036.6129400208592,SIMULATED_RX
redundancy,redundancy_hamming74_r2_s0.25,9,HELLO,cpfsk,hamming74,2,0.25,0.05,3000.0,8000.0,5000.0,0.012,0.45,1,0.0,62.624062233587765,16.75,165,5,0,0,1041.903440025635,SIMULATED_RX
redundancy,redundancy_hamming74_r2_s0.25,10,HELLO,cpfsk,hamming74,2,0.25,0.05,3000.0,8000.0,5000.0,0.012,0.45,1,0.0,54.88441922258375,16.75,165,5,0,0,955.3119480842724,SIMULATED_RX
redundancy,redundancy_hamming74_r2_s0.25,11,HELLO,cpfsk,hamming74,2,0.25,0.05,3000.0,8000.0,5000.0,0.012,0.45,1,0.0,57.45107862119818,16.75,165,5,0,0,952.9818301089108,SIMULATED_RX
cliff,cliff_T0.120_N0.05_A0.10,0,HELLO,cpfsk,none,1,0.0,0.12,3000.0,8000.0,5000.0,0.05,0.1,1,0.0,36.97233542629702,12.48,104,5,0,0,711.2104659900069,SIMULATED_RX
cliff,cliff_T0.120_N0.05_A0.10,1,HELLO,cpfsk,none,1,0.0,0.12,3000.0,8000.0,5000.0,0.05,0.1,1,0.0,35.46544618421752,12.48,104,5,0,0,709.2755730263889,SIMULATED_RX
cliff,cliff_T0.120_N0.05_A0.10,2,HELLO,cpfsk,none,1,0.0,0.12,3000.0,8000.0,5000.0,0.05,0.1,1,0.0,34.67149382312839,12.48,104,5,0,0,710.3164190193638,SIMULATED_RX
cliff,cliff_T0.120_N0.05_A0.10,3,HELLO,cpfsk,none,1,0.0,0.12,3000.0,8000.0,5000.0,0.05,0.1,1,0.0,36.304360286982444,12.48,104,5,0,0,703.1666890252382,SIMULATED_RX
cliff,cliff_T0.120_N0.05_A0.10,4,HELLO,cpfsk,none,1,0.0,0.12,3000.0,8000.0,5000.0,0.05,0.1,1,0.0,39.78852535215165,12.48,104,5,0,0,767.8225709823892,SIMULATED_RX
cliff,cliff_T0.120_N0.05_A0.10,5,HELLO,cpfsk,none,1,0.0,0.12,3000.0,8000.0,5000.0,0.05,0.1,1,0.0,35.90909943522508,12.48,104,5,0,0,769.6666029514745,SIMULATED_RX
cliff,cliff_T0.120_N0.05_A0.10,6,HELLO,cpfsk,none,1,0.0,0.12,3000.0,8000.0,5000.0,0.05,0.1,1,0.0,35.93022801399588,12.48,104,5,0,0,705.682766973041,SIMULATED_RX
cliff,cliff_T0.120_N0.05_A0.10,7,HELLO,cpfsk,none,1,0.0,0.12,3000.0,8000.0,5000.0,0.05,0.1,1,0.0,38.72567793752922,12.48,104,5,0,0,641.0825479542837,SIMULATED_RX
cliff,cliff_T0.120_N0.05_A0.10,8,HELLO,cpfsk,none,1,0.0,0.12,3000.0,8000.0,5000.0,0.05,0.1,1,0.0,35.237156911888896,12.48,104,5,0,0,643.4541409835219,SIMULATED_RX
cliff,cliff_T0.120_N0.05_A0.10,9,HELLO,cpfsk,none,1,0.0,0.12,3000.0,8000.0,5000.0,0.05,0.1,1,0.0,38.55237281837814,12.48,104,5,0,0,705.7669260539114,SIMULATED_RX
cliff,cliff_T0.120_N0.05_A0.10,10,HELLO,cpfsk,none,1,0.0,0.12,3000.0,8000.0,5000.0,0.05,0.1,1,0.0,37.19821044655321,12.48,104,5,0,0,704.0357990190387,SIMULATED_RX
cliff,cliff_T0.120_N0.05_A0.10,11,HELLO,cpfsk,none,1,0.0,0.12,3000.0,8000.0,5000.0,0.05,0.1,1,0.0,32.78248288835725,12.48,104,5,0,0,708.0929520307109,SIMULATED_RX
cliff,cliff_T0.120_N0.10_A0.10,0,HELLO,cpfsk,none,1,0.0,0.12,3000.0,8000.0,5000.0,0.1,0.1,1,0.0,29.56688580634801,12.48,104,5,0,0,706.1320760985836,SIMULATED_RX
cliff,cliff_T0.120_N0.10_A0.10,1,HELLO,cpfsk,none,1,0.0,0.12,3000.0,8000.0,5000.0,0.1,0.1,1,0.0,31.263246704046118,12.48,104,5,0,0,769.0541410120204,SIMULATED_RX
cliff,cliff_T0.120_N0.10_A0.10,2,HELLO,cpfsk,none,1,0.0,0.12,3000.0,8000.0,5000.0,0.1,0.1,1,0.0,31.40122430429554,12.48,104,5,0,0,773.5680849291384,SIMULATED_RX
cliff,cliff_T0.120_N0.10_A0.10,3,HELLO,cpfsk,none,1,0.0,0.12,3000.0,8000.0,5000.0,0.1,0.1,1,0.0,29.97106217879046,12.48,104,5,0,0,641.751316958107,SIMULATED_RX
cliff,cliff_T0.120_N0.10_A0.10,4,HELLO,cpfsk,none,1,0.0,0.12,3000.0,8000.0,5000.0,0.1,0.1,1,0.0,31.88344377927882,12.48,104,5,0,0,705.2135959966108,SIMULATED_RX
cliff,cliff_T0.120_N0.10_A0.10,5,HELLO,cpfsk,none,1,0.0,0.12,3000.0,8000.0,5000.0,0.1,0.1,1,0.0,28.06570050843846,12.48,104,5,0,0,709.3716779490933,SIMULATED_RX
cliff,cliff_T0.120_N0.10_A0.10,6,HELLO,cpfsk,none,1,0.0,0.12,3000.0,8000.0,5000.0,0.1,0.1,1,0.0,31.708637035253616,12.48,104,5,0,0,714.3656749976799,SIMULATED_RX
cliff,cliff_T0.120_N0.10_A0.10,7,HELLO,cpfsk,none,1,0.0,0.12,3000.0,8000.0,5000.0,0.1,0.1,1,0.0,29.580609778886412,12.48,104,5,0,0,700.2640999853611,SIMULATED_RX
cliff,cliff_T0.120_N0.10_A0.10,8,HELLO,cpfsk,none,1,0.0,0.12,3000.0,8000.0,5000.0,0.1,0.1,1,0.0,30.44657299269035,12.48,104,5,0,0,831.7110389471054,SIMULATED_RX
cliff,cliff_T0.120_N0.10_A0.10,9,HELLO,cpfsk,none,1,0.0,0.12,3000.0,8000.0,5000.0,0.1,0.1,1,0.0,33.26307927597523,12.48,104,5,0,0,702.0625290460885,SIMULATED_RX
cliff,cliff_T0.120_N0.10_A0.10,10,HELLO,cpfsk,none,1,0.0,0.12,3000.0,8000.0,5000.0,0.1,0.1,1,0.0,28.868707006166154,12.48,104,5,0,0,702.0475290482864,SIMULATED_RX
cliff,cliff_T0.120_N0.10_A0.10,11,HELLO,cpfsk,none,1,0.0,0.12,3000.0,8000.0,5000.0,0.1,0.1,1,0.0,31.12049853665559,12.48,104,5,0,0,700.8032499579713,SIMULATED_RX
cliff,cliff_T0.120_N0.20_A0.20,0,HELLO,cpfsk,none,1,0.0,0.12,3000.0,8000.0,5000.0,0.2,0.2,1,0.0,31.89245867191635,12.48,104,5,0,0,763.6631639907137,SIMULATED_RX
cliff,cliff_T0.120_N0.20_A0.20,1,HELLO,cpfsk,none,1,0.0,0.12,3000.0,8000.0,5000.0,0.2,0.2,1,0.0,31.979184054625833,12.48,104,5,0,0,568.9055130351335,SIMULATED_RX
cliff,cliff_T0.120_N0.20_A0.20,2,HELLO,cpfsk,none,1,0.0,0.12,3000.0,8000.0,5000.0,0.2,0.2,1,0.0,33.02452323066996,12.48,104,5,0,0,764.4237080821767,SIMULATED_RX
cliff,cliff_T0.120_N0.20_A0.20,3,HELLO,cpfsk,none,1,0.0,0.12,3000.0,8000.0,5000.0,0.2,0.2,1,0.0,31.263803068277443,12.48,104,5,0,0,633.6812389781699,SIMULATED_RX
cliff,cliff_T0.120_N0.20_A0.20,4,HELLO,cpfsk,none,1,0.0,0.12,3000.0,8000.0,5000.0,0.2,0.2,1,0.0,33.06249423387491,12.48,104,5,0,0,699.3496479699388,SIMULATED_RX
cliff,cliff_T0.120_N0.20_A0.20,5,HELLO,cpfsk,none,1,0.0,0.12,3000.0,8000.0,5000.0,0.2,0.2,1,0.0,30.143101067915627,12.48,104,5,0,0,633.4490410517901,SIMULATED_RX
cliff,cliff_T0.120_N0.20_A0.20,6,HELLO,cpfsk,none,1,0.0,0.12,3000.0,8000.0,5000.0,0.2,0.2,1,0.0,30.860879907119116,12.48,104,5,0,0,641.5324370609596,SIMULATED_RX
cliff,cliff_T0.120_N0.20_A0.20,7,HELLO,cpfsk,none,1,0.0,0.12,3000.0,8000.0,5000.0,0.2,0.2,1,0.0,28.40690691038478,12.48,104,5,0,0,766.2070390069857,SIMULATED_RX
cliff,cliff_T0.120_N0.20_A0.20,8,HELLO,cpfsk,none,1,0.0,0.12,3000.0,8000.0,5000.0,0.2,0.2,1,0.0,30.71676242994778,12.48,104,5,0,0,702.039920957759,SIMULATED_RX
cliff,cliff_T0.120_N0.20_A0.20,9,HELLO,cpfsk,none,1,0.0,0.12,3000.0,8000.0,5000.0,0.2,0.2,1,0.0,28.696351009935483,12.48,104,5,0,0,766.489470959641,SIMULATED_RX
cliff,cliff_T0.120_N0.20_A0.20,10,HELLO,cpfsk,none,1,0.0,0.12,3000.0,8000.0,5000.0,0.2,0.2,1,0.0,26.063389268858668,12.48,104,5,0,0,765.9055279800668,SIMULATED_RX
cliff,cliff_T0.120_N0.20_A0.20,11,HELLO,cpfsk,none,1,0.0,0.12,3000.0,8000.0,5000.0,0.2,0.2,1,0.0,32.225431433120335,12.48,104,5,0,0,636.3547219661996,SIMULATED_RX
cliff,cliff_T0.080_N0.05_A0.10,0,HELLO,cpfsk,none,1,0.0,0.08,3000.0,8000.0,5000.0,0.05,0.1,1,0.0,29.874062786921076,8.32,104,5,0,0,512.4880679650232,SIMULATED_RX
cliff,cliff_T0.080_N0.05_A0.10,1,HELLO,cpfsk,none,1,0.0,0.08,3000.0,8000.0,5000.0,0.05,0.1,1,0.0,35.03360474712524,8.32,104,5,0,0,468.55328406672925,SIMULATED_RX
cliff,cliff_T0.080_N0.05_A0.10,2,HELLO,cpfsk,none,1,0.0,0.08,3000.0,8000.0,5000.0,0.05,0.1,1,0.0,31.141229835160914,8.32,104,5,0,0,468.8828770304099,SIMULATED_RX
cliff,cliff_T0.080_N0.05_A0.10,3,HELLO,cpfsk,none,1,0.0,0.08,3000.0,8000.0,5000.0,0.05,0.1,1,0.0,35.494006047474656,8.32,104,5,0,0,512.1307750232518,SIMULATED_RX
cliff,cliff_T0.080_N0.05_A0.10,4,HELLO,cpfsk,none,1,0.0,0.08,3000.0,8000.0,5000.0,0.05,0.1,1,0.0,32.57464889839001,8.32,104,5,0,0,511.94629597011954,SIMULATED_RX
cliff,cliff_T0.080_N0.05_A0.10,5,HELLO,cpfsk,none,1,0.0,0.08,3000.0,8000.0,5000.0,0.05,0.1,1,0.0,36.856157779392674,8.32,104,5,0,0,512.7841089852154,SIMULATED_RX
cliff,cliff_T0.080_N0.05_A0.10,6,HELLO,cpfsk,none,1,0.0,0.08,3000.0,8000.0,5000.0,0.05,0.1,1,0.0,33.219864601149986,8.32,104,5,0,0,469.02640303596854,SIMULATED_RX
cliff,cliff_T0.080_N0.05_A0.10,7,HELLO,cpfsk,none,1,0.0,0.08,3000.0,8000.0,5000.0,0.05,0.1,1,0.0,37.261978959257945,8.32,104,5,0,0,515.7568639842793,SIMULATED_RX
cliff,cliff_T0.080_N0.05_A0.10,8,HELLO,cpfsk,none,1,0.0,0.08,3000.0,8000.0,5000.0,0.05,0.1,1,0.0,35.32553301724404,8.32,104,5,0,0,468.34122808650136,SIMULATED_RX
cliff,cliff_T0.080_N0.05_A0.10,9,HELLO,cpfsk,none,1,0.0,0.08,3000.0,8000.0,5000.0,0.05,0.1,1,0.0,32.20930559635859,8.32,104,5,0,0,555.7479249546304,SIMULATED_RX
cliff,cliff_T0.080_N0.05_A0.10,10,HELLO,cpfsk,none,1,0.0,0.08,3000.0,8000.0,5000.0,0.05,0.1,1,0.0,31.92164944413473,8.32,104,5,0,0,470.08173796348274,SIMULATED_RX
cliff,cliff_T0.080_N0.05_A0.10,11,HELLO,cpfsk,none,1,0.0,0.08,3000.0,8000.0,5000.0,0.05,0.1,1,0.0,37.32281124110694,8.32,104,5,0,0,469.74860690534115,SIMULATED_RX
cliff,cliff_T0.080_N0.10_A0.10,0,HELLO,cpfsk,none,1,0.0,0.08,3000.0,8000.0,5000.0,0.1,0.1,1,0.0,28.902433120605032,8.32,104,5,0,0,469.455640995875,SIMULATED_RX
cliff,cliff_T0.080_N0.10_A0.10,1,HELLO,cpfsk,none,1,0.0,0.08,3000.0,8000.0,5000.0,0.1,0.1,1,0.0,29.221462162872278,8.32,104,5,0,0,425.09844503365457,SIMULATED_RX
cliff,cliff_T0.080_N0.10_A0.10,2,HELLO,cpfsk,none,1,0.0,0.08,3000.0,8000.0,5000.0,0.1,0.1,1,0.0,26.7201604392819,8.32,104,5,0,0,382.3025739984587,SIMULATED_RX
cliff,cliff_T0.080_N0.10_A0.10,3,HELLO,cpfsk,none,1,0.0,0.08,3000.0,8000.0,5000.0,0.1,0.1,1,0.0,24.775809919492623,8.32,104,5,0,0,424.9924960313365,SIMULATED_RX
cliff,cliff_T0.080_N0.10_A0.10,4,HELLO,cpfsk,none,1,0.0,0.08,3000.0,8000.0,5000.0,0.1,0.1,1,0.0,26.451054047178964,8.32,104,5,0,0,426.62504396867007,SIMULATED_RX
cliff,cliff_T0.080_N0.10_A0.10,5,HELLO,cpfsk,none,1,0.0,0.08,3000.0,8000.0,5000.0,0.1,0.1,1,0.0,26.72451659899837,8.32,104,5,0,0,512.4443829990923,SIMULATED_RX
cliff,cliff_T0.080_N0.10_A0.10,6,HELLO,cpfsk,none,1,0.0,0.08,3000.0,8000.0,5000.0,0.1,0.1,1,0.0,25.84314553705001,8.32,104,5,0,0,470.0844179606065,SIMULATED_RX
cliff,cliff_T0.080_N0.10_A0.10,7,HELLO,cpfsk,none,1,0.0,0.08,3000.0,8000.0,5000.0,0.1,0.1,1,0.0,28.895742904421198,8.32,104,5,0,0,468.2717740070075,SIMULATED_RX
cliff,cliff_T0.080_N0.10_A0.10,8,HELLO,cpfsk,none,1,0.0,0.08,3000.0,8000.0,5000.0,0.1,0.1,1,0.0,26.892980442956897,8.32,104,5,0,0,686.9772019563243,SIMULATED_RX
cliff,cliff_T0.080_N0.10_A0.10,9,HELLO,cpfsk,none,1,0.0,0.08,3000.0,8000.0,5000.0,0.1,0.1,1,0.0,25.975482992653728,8.32,104,5,0,0,556.7241959506646,SIMULATED_RX
cliff,cliff_T0.080_N0.10_A0.10,10,HELLO,cpfsk,none,1,0.0,0.08,3000.0,8000.0,5000.0,0.1,0.1,1,0.0,29.453440733295615,8.32,104,5,0,0,512.2916639083996,SIMULATED_RX
cliff,cliff_T0.080_N0.10_A0.10,11,HELLO,cpfsk,none,1,0.0,0.08,3000.0,8000.0,5000.0,0.1,0.1,1,0.0,28.727455658234685,8.32,104,5,0,0,514.440898085013,SIMULATED_RX
cliff,cliff_T0.080_N0.20_A0.20,0,HELLO,cpfsk,none,1,0.0,0.08,3000.0,8000.0,5000.0,0.2,0.2,1,0.0,29.88789729637802,8.32,104,5,0,0,468.8999659847468,SIMULATED_RX
cliff,cliff_T0.080_N0.20_A0.20,1,HELLO,cpfsk,none,1,0.0,0.08,3000.0,8000.0,5000.0,0.2,0.2,1,0.0,29.688061660556002,8.32,104,5,0,0,469.85223691444844,SIMULATED_RX
cliff,cliff_T0.080_N0.20_A0.20,2,HELLO,cpfsk,none,1,0.0,0.08,3000.0,8000.0,5000.0,0.2,0.2,1,0.0,29.5015803688963,8.32,104,5,0,0,513.5544650256634,SIMULATED_RX
cliff,cliff_T0.080_N0.20_A0.20,3,HELLO,cpfsk,none,1,0.0,0.08,3000.0,8000.0,5000.0,0.2,0.2,1,0.0,31.1635473268812,8.32,104,5,0,0,383.07745195925236,SIMULATED_RX
cliff,cliff_T0.080_N0.20_A0.20,4,HELLO,cpfsk,none,1,0.0,0.08,3000.0,8000.0,5000.0,0.2,0.2,1,0.0,29.50958232877547,8.32,104,5,0,0,468.2393108960241,SIMULATED_RX
cliff,cliff_T0.080_N0.20_A0.20,5,HELLO,cpfsk,none,1,0.0,0.08,3000.0,8000.0,5000.0,0.2,0.2,1,0.0,31.290209921897784,8.32,104,5,0,0,469.5623971056193,SIMULATED_RX
cliff,cliff_T0.080_N0.20_A0.20,6,HELLO,cpfsk,none,1,0.0,0.08,3000.0,8000.0,5000.0,0.2,0.2,1,0.0,26.81604331833266,8.32,104,5,0,0,423.948491923511,SIMULATED_RX
cliff,cliff_T0.080_N0.20_A0.20,7,HELLO,cpfsk,none,1,0.0,0.08,3000.0,8000.0,5000.0,0.2,0.2,1,0.0,27.06711068429792,8.32,104,5,0,0,426.0690660448745,SIMULATED_RX
cliff,cliff_T0.080_N0.20_A0.20,8,HELLO,cpfsk,none,1,0.0,0.08,3000.0,8000.0,5000.0,0.2,0.2,1,0.0,30.345151492229224,8.32,104,5,0,0,471.3518340140581,SIMULATED_RX
cliff,cliff_T0.080_N0.20_A0.20,9,HELLO,cpfsk,none,1,0.0,0.08,3000.0,8000.0,5000.0,0.2,0.2,1,0.0,26.73299687120914,8.32,104,5,0,0,512.1325340587646,SIMULATED_RX
cliff,cliff_T0.080_N0.20_A0.20,10,HELLO,cpfsk,none,1,0.0,0.08,3000.0,8000.0,5000.0,0.2,0.2,1,0.0,28.739120378999207,8.32,104,5,0,0,425.38565502036363,SIMULATED_RX
cliff,cliff_T0.080_N0.20_A0.20,11,HELLO,cpfsk,none,1,0.0,0.08,3000.0,8000.0,5000.0,0.2,0.2,1,0.0,31.180750861228447,8.32,104,5,0,0,469.15601508226246,SIMULATED_RX
cliff,cliff_T0.070_N0.05_A0.10,0,HELLO,cpfsk,none,1,0.0,0.07,3000.0,8000.0,5000.0,0.05,0.1,1,0.0,34.74648582228836,7.280000000000001,104,5,0,0,412.1436660643667,SIMULATED_RX
cliff,cliff_T0.070_N0.05_A0.10,1,HELLO,cpfsk,none,1,0.0,0.07,3000.0,8000.0,5000.0,0.05,0.1,1,0.0,37.16562686100738,7.280000000000001,104,5,0,0,449.749673018232,SIMULATED_RX
cliff,cliff_T0.070_N0.05_A0.10,2,HELLO,cpfsk,none,1,0.0,0.07,3000.0,8000.0,5000.0,0.05,0.1,1,0.0,34.94922054026232,7.280000000000001,104,5,0,0,449.8015500139445,SIMULATED_RX
cliff,cliff_T0.070_N0.05_A0.10,3,HELLO,cpfsk,none,1,0.0,0.07,3000.0,8000.0,5000.0,0.05,0.1,1,0.0,30.151635726386115,7.280000000000001,104,5,0,0,451.08030503615737,SIMULATED_RX
cliff,cliff_T0.070_N0.05_A0.10,4,HELLO,cpfsk,none,1,0.0,0.07,3000.0,8000.0,5000.0,0.05,0.1,1,0.0,31.55521703615228,7.280000000000001,104,5,0,0,411.86833195388317,SIMULATED_RX
cliff,cliff_T0.070_N0.05_A0.10,5,HELLO,cpfsk,none,1,0.0,0.07,3000.0,8000.0,5000.0,0.05,0.1,1,0.0,28.990348749098537,7.280000000000001,104,5,0,0,410.8386889565736,SIMULATED_RX
cliff,cliff_T0.070_N0.05_A0.10,6,HELLO,cpfsk,none,1,0.0,0.07,3000.0,8000.0,5000.0,0.05,0.1,1,0.0,39.804885013783526,7.280000000000001,104,5,0,0,449.5264169527218,SIMULATED_RX
cliff,cliff_T0.070_N0.05_A0.10,7,HELLO,cpfsk,none,1,0.0,0.07,3000.0,8000.0,5000.0,0.05,0.1,1,0.0,35.25788177775233,7.280000000000001,104,5,0,0,411.80842998437583,SIMULATED_RX
cliff,cliff_T0.070_N0.05_A0.10,8,HELLO,cpfsk,none,1,0.0,0.07,3000.0,8000.0,5000.0,0.05,0.1,1,0.0,32.37252703418218,7.280000000000001,104,5,0,0,450.83617500495166,SIMULATED_RX
cliff,cliff_T0.070_N0.05_A0.10,9,HELLO,cpfsk,none,1,0.0,0.07,3000.0,8000.0,5000.0,0.05,0.1,1,0.0,34.666116930275415,7.280000000000001,104,5,0,0,450.618734001182,SIMULATED_RX
cliff,cliff_T0.070_N0.05_A0.10,10,HELLO,cpfsk,none,1,0.0,0.07,3000.0,8000.0,5000.0,0.05,0.1,1,0.0,32.86489403990145,7.280000000000001,104,5,0,0,487.9742779303342,SIMULATED_RX
cliff,cliff_T0.070_N0.05_A0.10,11,HELLO,cpfsk,none,1,0.0,0.07,3000.0,8000.0,5000.0,0.05,0.1,1,0.0,35.73659464285007,7.280000000000001,104,5,0,0,411.26488300506026,SIMULATED_RX
cliff,cliff_T0.070_N0.10_A0.10,0,HELLO,cpfsk,none,1,0.0,0.07,3000.0,8000.0,5000.0,0.1,0.1,1,0.0,26.452602640014995,7.280000000000001,104,5,0,0,373.8506910158321,SIMULATED_RX
cliff,cliff_T0.070_N0.10_A0.10,1,HELLO,cpfsk,none,1,0.0,0.07,3000.0,8000.0,5000.0,0.1,0.1,1,0.0,30.794278474355615,7.280000000000001,104,5,0,0,489.2502980073914,SIMULATED_RX
cliff,cliff_T0.070_N0.10_A0.10,2,HELLO,cpfsk,none,1,0.0,0.07,3000.0,8000.0,5000.0,0.1,0.1,1,0.0,31.91657721067752,7.280000000000001,104,5,0,0,450.8827970130369,SIMULATED_RX
cliff,cliff_T0.070_N0.10_A0.10,3,HELLO,cpfsk,none,1,0.0,0.07,3000.0,8000.0,5000.0,0.1,0.1,1,0.0,27.87393129922789,7.280000000000001,104,5,0,0,412.2872609877959,SIMULATED_RX
cliff,cliff_T0.070_N0.10_A0.10,4,HELLO,cpfsk,none,1,0.0,0.07,3000.0,8000.0,5000.0,0.1,0.1,1,0.0,26.430211523234284,7.280000000000001,104,5,0,0,449.7977419523522,SIMULATED_RX
cliff,cliff_T0.070_N0.10_A0.10,5,HELLO,cpfsk,none,1,0.0,0.07,3000.0,8000.0,5000.0,0.1,0.1,1,0.0,29.504565672288166,7.280000000000001,104,5,0,0,489.4036779878661,SIMULATED_RX
cliff,cliff_T0.070_N0.10_A0.10,6,HELLO,cpfsk,none,1,0.0,0.07,3000.0,8000.0,5000.0,0.1,0.1,1,0.0,31.324883936450448,7.280000000000001,104,5,0,0,411.8980919010937,SIMULATED_RX
cliff,cliff_T0.070_N0.10_A0.10,7,HELLO,cpfsk,none,1,0.0,0.07,3000.0,8000.0,5000.0,0.1,0.1,1,0.0,27.08957039787998,7.280000000000001,104,5,0,0,412.29150199797004,SIMULATED_RX
cliff,cliff_T0.070_N0.10_A0.10,8,HELLO,cpfsk,none,1,0.0,0.07,3000.0,8000.0,5000.0,0.1,0.1,1,0.0,28.51102100049315,7.280000000000001,104,5,0,0,373.71538300067186,SIMULATED_RX
cliff,cliff_T0.070_N0.10_A0.10,9,HELLO,cpfsk,none,1,0.0,0.07,3000.0,8000.0,5000.0,0.1,0.1,1,0.0,26.28980142875345,7.280000000000001,104,5,0,0,374.9968879856169,SIMULATED_RX
cliff,cliff_T0.070_N0.10_A0.10,10,HELLO,cpfsk,none,1,0.0,0.07,3000.0,8000.0,5000.0,0.1,0.1,1,0.0,27.419896268633657,7.280000000000001,104,5,0,0,488.170854980126,SIMULATED_RX
cliff,cliff_T0.070_N0.10_A0.10,11,HELLO,cpfsk,none,1,0.0,0.07,3000.0,8000.0,5000.0,0.1,0.1,1,0.0,26.24793602079817,7.280000000000001,104,5,0,0,372.4527829326689,SIMULATED_RX
cliff,cliff_T0.070_N0.20_A0.20,0,HELLO,cpfsk,none,1,0.0,0.07,3000.0,8000.0,5000.0,0.2,0.2,1,0.0,29.306436145574555,7.280000000000001,104,5,0,0,449.551512952894,SIMULATED_RX
cliff,cliff_T0.070_N0.20_A0.20,1,HELLO,cpfsk,none,1,0.0,0.07,3000.0,8000.0,5000.0,0.2,0.2,1,0.0,29.274312205879674,7.280000000000001,104,5,0,0,449.8824760084972,SIMULATED_RX
cliff,cliff_T0.070_N0.20_A0.20,2,HELLO,cpfsk,none,1,0.0,0.07,3000.0,8000.0,5000.0,0.2,0.2,1,0.0,27.513405128342306,7.280000000000001,104,5,0,0,450.79301099758595,SIMULATED_RX
cliff,cliff_T0.070_N0.20_A0.20,3,HELLO,cpfsk,none,1,0.0,0.07,3000.0,8000.0,5000.0,0.2,0.2,1,0.0,27.03801084047361,7.280000000000001,104,5,0,0,372.9048839304596,SIMULATED_RX
cliff,cliff_T0.070_N0.20_A0.20,4,HELLO,cpfsk,none,1,0.0,0.07,3000.0,8000.0,5000.0,0.2,0.2,1,0.0,25.88952521147113,7.280000000000001,104,5,0,0,372.8742719395086,SIMULATED_RX
cliff,cliff_T0.070_N0.20_A0.20,5,HELLO,cpfsk,none,1,0.0,0.07,3000.0,8000.0,5000.0,0.2,0.2,1,0.0,29.12724178868121,7.280000000000001,104,5,0,0,449.62865591514856,SIMULATED_RX
cliff,cliff_T0.070_N0.20_A0.20,6,HELLO,cpfsk,none,1,0.0,0.07,3000.0,8000.0,5000.0,0.2,0.2,1,0.0,28.54046605234036,7.280000000000001,104,5,0,0,487.24030307494104,SIMULATED_RX
cliff,cliff_T0.070_N0.20_A0.20,7,HELLO,cpfsk,none,1,0.0,0.07,3000.0,8000.0,5000.0,0.2,0.2,1,0.0,30.37858378778551,7.280000000000001,104,5,0,0,410.4969770414755,SIMULATED_RX
cliff,cliff_T0.070_N0.20_A0.20,8,HELLO,cpfsk,none,1,0.0,0.07,3000.0,8000.0,5000.0,0.2,0.2,1,0.0,28.550501622840656,7.280000000000001,104,5,0,0,449.86007700208575,SIMULATED_RX
cliff,cliff_T0.070_N0.20_A0.20,9,HELLO,cpfsk,none,1,0.0,0.07,3000.0,8000.0,5000.0,0.2,0.2,1,0.0,28.588636292154888,7.280000000000001,104,5,0,0,450.9403280680999,SIMULATED_RX
cliff,cliff_T0.070_N0.20_A0.20,10,HELLO,cpfsk,none,1,0.0,0.07,3000.0,8000.0,5000.0,0.2,0.2,1,0.0,29.13795899137789,7.280000000000001,104,5,0,0,451.1584190186113,SIMULATED_RX
cliff,cliff_T0.070_N0.20_A0.20,11,HELLO,cpfsk,none,1,0.0,0.07,3000.0,8000.0,5000.0,0.2,0.2,1,0.0,25.849302406120273,7.280000000000001,104,5,0,0,411.99451603461057,SIMULATED_RX
cliff,cliff_T0.050_N0.05_A0.10,0,HELLO,cpfsk,none,1,0.0,0.05,3000.0,8000.0,5000.0,0.05,0.1,1,0.0,35.038188208130244,5.2,104,5,0,0,296.90673504956067,SIMULATED_RX
cliff,cliff_T0.050_N0.05_A0.10,1,HELLO,cpfsk,none,1,0.0,0.05,3000.0,8000.0,5000.0,0.05,0.1,1,0.0,32.54725642789369,5.2,104,5,0,0,324.0240979939699,SIMULATED_RX
cliff,cliff_T0.050_N0.05_A0.10,2,HELLO,cpfsk,none,1,0.0,0.05,3000.0,8000.0,5000.0,0.05,0.1,1,0.0,31.823962573221642,5.2,104,5,0,0,351.77910700440407,SIMULATED_RX
cliff,cliff_T0.050_N0.05_A0.10,3,HELLO,cpfsk,none,1,0.0,0.05,3000.0,8000.0,5000.0,0.05,0.1,1,0.0,29.529172253770607,5.2,104,5,0,0,324.10539500415325,SIMULATED_RX
cliff,cliff_T0.050_N0.05_A0.10,4,HELLO,cpfsk,none,1,0.0,0.05,3000.0,8000.0,5000.0,0.05,0.1,1,0.0,31.690130595388627,5.2,104,5,0,0,324.24278708640486,SIMULATED_RX
cliff,cliff_T0.050_N0.05_A0.10,5,HELLO,cpfsk,none,1,0.0,0.05,3000.0,8000.0,5000.0,0.05,0.1,1,0.0,30.86280405071885,5.2,104,5,0,0,296.83243902400136,SIMULATED_RX
cliff,cliff_T0.050_N0.05_A0.10,6,HELLO,cpfsk,none,1,0.0,0.05,3000.0,8000.0,5000.0,0.05,0.1,1,0.0,28.687303640210594,5.2,104,5,0,0,323.90414003748447,SIMULATED_RX
cliff,cliff_T0.050_N0.05_A0.10,7,HELLO,cpfsk,none,1,0.0,0.05,3000.0,8000.0,5000.0,0.05,0.1,1,0.0,30.49583199479528,5.2,104,5,0,0,268.71024002321064,SIMULATED_RX
cliff,cliff_T0.050_N0.05_A0.10,8,HELLO,cpfsk,none,1,0.0,0.05,3000.0,8000.0,5000.0,0.05,0.1,1,0.0,38.18933116826273,5.2,104,5,0,0,296.48597293999046,SIMULATED_RX
cliff,cliff_T0.050_N0.05_A0.10,9,HELLO,cpfsk,none,1,0.0,0.05,3000.0,8000.0,5000.0,0.05,0.1,1,0.0,31.196174343520138,5.2,104,5,0,0,296.4396969182417,SIMULATED_RX
cliff,cliff_T0.050_N0.05_A0.10,10,HELLO,cpfsk,none,1,0.0,0.05,3000.0,8000.0,5000.0,0.05,0.1,1,0.0,29.86693024090704,5.2,104,5,0,0,353.99749607313424,SIMULATED_RX
cliff,cliff_T0.050_N0.05_A0.10,11,HELLO,cpfsk,none,1,0.0,0.05,3000.0,8000.0,5000.0,0.05,0.1,1,0.0,36.79461914137083,5.2,104,5,0,0,324.165069963783,SIMULATED_RX
cliff,cliff_T0.050_N0.10_A0.10,0,HELLO,cpfsk,none,1,0.0,0.05,3000.0,8000.0,5000.0,0.1,0.1,1,0.0,29.963378553463464,5.2,104,5,0,0,324.8230980243534,SIMULATED_RX
cliff,cliff_T0.050_N0.10_A0.10,1,HELLO,cpfsk,none,1,0.0,0.05,3000.0,8000.0,5000.0,0.1,0.1,1,0.0,26.86739297488499,5.2,104,5,0,0,297.38534695934504,SIMULATED_RX
cliff,cliff_T0.050_N0.10_A0.10,2,HELLO,cpfsk,none,1,0.0,0.05,3000.0,8000.0,5000.0,0.1,0.1,1,0.0,28.57040660724785,5.2,104,5,0,0,297.5739489775151,SIMULATED_RX
cliff,cliff_T0.050_N0.10_A0.10,3,HELLO,cpfsk,none,1,0.0,0.05,3000.0,8000.0,5000.0,0.1,0.1,1,0.0,25.756438522818478,5.2,104,5,0,0,407.9736960120499,SIMULATED_RX
cliff,cliff_T0.050_N0.10_A0.10,4,HELLO,cpfsk,none,1,0.0,0.05,3000.0,8000.0,5000.0,0.1,0.1,1,0.0,27.973350447247412,5.2,104,5,0,0,352.4494899902493,SIMULATED_RX
cliff,cliff_T0.050_N0.10_A0.10,5,HELLO,cpfsk,none,1,0.0,0.05,3000.0,8000.0,5000.0,0.1,0.1,1,0.0,27.856695739147614,5.2,104,5,0,0,295.760340988636,SIMULATED_RX
cliff,cliff_T0.050_N0.10_A0.10,6,HELLO,cpfsk,none,1,0.0,0.05,3000.0,8000.0,5000.0,0.1,0.1,1,0.0,25.874263476193423,5.2,104,5,0,0,296.3662409456447,SIMULATED_RX
cliff,cliff_T0.050_N0.10_A0.10,7,HELLO,cpfsk,none,1,0.0,0.05,3000.0,8000.0,5000.0,0.1,0.1,1,0.0,24.341246975806968,5.2,104,5,0,0,324.75004892330617,SIMULATED_RX
cliff,cliff_T0.050_N0.10_A0.10,8,HELLO,cpfsk,none,1,0.0,0.05,3000.0,8000.0,5000.0,0.1,0.1,1,0.0,26.40496338046639,5.2,104,5,0,0,241.91258195787668,SIMULATED_RX
cliff,cliff_T0.050_N0.10_A0.10,9,HELLO,cpfsk,none,1,0.0,0.05,3000.0,8000.0,5000.0,0.1,0.1,1,0.0,22.02230013632196,5.2,104,5,0,0,323.5314480261877,SIMULATED_RX
cliff,cliff_T0.050_N0.10_A0.10,10,HELLO,cpfsk,none,1,0.0,0.05,3000.0,8000.0,5000.0,0.1,0.1,1,0.0,25.710543013502566,5.2,104,5,0,0,268.6536730034277,SIMULATED_RX
cliff,cliff_T0.050_N0.10_A0.10,11,HELLO,cpfsk,none,1,0.0,0.05,3000.0,8000.0,5000.0,0.1,0.1,1,0.0,27.313399156629202,5.2,104,5,0,0,351.117035956122,SIMULATED_RX
cliff,cliff_T0.050_N0.20_A0.20,0,HELLO,cpfsk,none,1,0.0,0.05,3000.0,8000.0,5000.0,0.2,0.2,1,0.0,25.02676422190476,5.2,104,5,0,0,323.55564599856734,SIMULATED_RX
cliff,cliff_T0.050_N0.20_A0.20,1,HELLO,cpfsk,none,1,0.0,0.05,3000.0,8000.0,5000.0,0.2,0.2,1,0.0,30.829287894289052,5.2,104,5,0,0,295.88890296872705,SIMULATED_RX
cliff,cliff_T0.050_N0.20_A0.20,2,HELLO,cpfsk,none,1,0.0,0.05,3000.0,8000.0,5000.0,0.2,0.2,1,0.0,25.326872166805607,5.2,104,5,0,0,269.799966015853,SIMULATED_RX
cliff,cliff_T0.050_N0.20_A0.20,3,HELLO,cpfsk,none,1,0.0,0.05,3000.0,8000.0,5000.0,0.2,0.2,1,0.0,26.494346319150267,5.2,104,5,0,0,295.9257870679721,SIMULATED_RX
cliff,cliff_T0.050_N0.20_A0.20,4,HELLO,cpfsk,none,1,0.0,0.05,3000.0,8000.0,5000.0,0.2,0.2,1,0.0,24.7155806346232,5.2,104,5,0,0,268.22954206727445,SIMULATED_RX
cliff,cliff_T0.050_N0.20_A0.20,5,HELLO,cpfsk,none,1,0.0,0.05,3000.0,8000.0,5000.0,0.2,0.2,1,0.0,26.64618343023289,5.2,104,5,0,0,296.33647797163576,SIMULATED_RX
cliff,cliff_T0.050_N0.20_A0.20,6,HELLO,cpfsk,none,1,0.0,0.05,3000.0,8000.0,5000.0,0.2,0.2,1,0.0,30.58149946657364,5.2,104,5,0,0,241.87652103137225,SIMULATED_RX
cliff,cliff_T0.050_N0.20_A0.20,7,HELLO,cpfsk,none,1,0.0,0.05,3000.0,8000.0,5000.0,0.2,0.2,1,0.0,24.666022462494542,5.2,104,5,0,0,268.88713997323066,SIMULATED_RX
cliff,cliff_T0.050_N0.20_A0.20,8,HELLO,cpfsk,none,1,0.0,0.05,3000.0,8000.0,5000.0,0.2,0.2,1,0.0,23.8540156045935,5.2,104,5,0,0,351.70471703168005,SIMULATED_RX
cliff,cliff_T0.050_N0.20_A0.20,9,HELLO,cpfsk,none,1,0.0,0.05,3000.0,8000.0,5000.0,0.2,0.2,1,0.0,25.698266452128642,5.2,104,5,0,0,268.7538879690692,SIMULATED_RX
cliff,cliff_T0.050_N0.20_A0.20,10,HELLO,cpfsk,none,1,0.0,0.05,3000.0,8000.0,5000.0,0.2,0.2,1,0.0,26.286386573986775,5.2,104,5,0,0,323.6497819889337,SIMULATED_RX
cliff,cliff_T0.050_N0.20_A0.20,11,HELLO,cpfsk,none,1,0.0,0.05,3000.0,8000.0,5000.0,0.2,0.2,1,0.0,25.890398550520338,5.2,104,5,0,0,351.45137505605817,SIMULATED_RX
cliff,cliff_T0.040_N0.05_A0.10,0,HELLO,cpfsk,none,1,0.0,0.04,3000.0,8000.0,5000.0,0.05,0.1,1,0.0,27.79396977815566,4.16,104,5,0,0,260.8723569428548,SIMULATED_RX
cliff,cliff_T0.040_N0.05_A0.10,1,HELLO,cpfsk,none,1,0.0,0.04,3000.0,8000.0,5000.0,0.05,0.1,1,0.0,29.32665799121721,4.16,104,5,0,0,260.83629997447133,SIMULATED_RX
cliff,cliff_T0.040_N0.05_A0.10,2,HELLO,cpfsk,none,1,0.0,0.04,3000.0,8000.0,5000.0,0.05,0.1,1,0.0,33.574802962247674,4.16,104,5,0,0,238.67370700463653,SIMULATED_RX
cliff,cliff_T0.040_N0.05_A0.10,3,HELLO,cpfsk,none,1,0.0,0.04,3000.0,8000.0,5000.0,0.05,0.1,1,0.0,30.788835689489012,4.16,104,5,0,0,216.31136897485703,SIMULATED_RX
cliff,cliff_T0.040_N0.05_A0.10,4,HELLO,cpfsk,none,1,0.0,0.04,3000.0,8000.0,5000.0,0.05,0.1,1,0.0,34.10694523329876,4.16,104,5,0,0,261.13813696429133,SIMULATED_RX
cliff,cliff_T0.040_N0.05_A0.10,5,HELLO,cpfsk,none,1,0.0,0.04,3000.0,8000.0,5000.0,0.05,0.1,1,0.0,31.39407814679583,4.16,104,5,0,0,282.3223399464041,SIMULATED_RX
cliff,cliff_T0.040_N0.05_A0.10,6,HELLO,cpfsk,none,1,0.0,0.04,3000.0,8000.0,5000.0,0.05,0.1,1,0.0,30.411925734249323,4.16,104,5,0,0,239.23865205142647,SIMULATED_RX
cliff,cliff_T0.040_N0.05_A0.10,7,HELLO,cpfsk,none,1,0.0,0.04,3000.0,8000.0,5000.0,0.05,0.1,1,0.0,29.71298739304942,4.16,104,5,0,0,238.76426799688488,SIMULATED_RX
cliff,cliff_T0.040_N0.05_A0.10,8,HELLO,cpfsk,none,1,0.0,0.04,3000.0,8000.0,5000.0,0.05,0.1,1,0.0,29.363853636006606,4.16,104,5,0,0,260.54188807029277,SIMULATED_RX
cliff,cliff_T0.040_N0.05_A0.10,9,HELLO,cpfsk,none,1,0.0,0.04,3000.0,8000.0,5000.0,0.05,0.1,1,0.0,29.49396151433659,4.16,104,5,0,0,238.78565698396415,SIMULATED_RX
cliff,cliff_T0.040_N0.05_A0.10,10,HELLO,cpfsk,none,1,0.0,0.04,3000.0,8000.0,5000.0,0.05,0.1,1,0.0,33.73047754161759,4.16,104,5,0,0,261.35375699959695,SIMULATED_RX
cliff,cliff_T0.040_N0.05_A0.10,11,HELLO,cpfsk,none,1,0.0,0.04,3000.0,8000.0,5000.0,0.05,0.1,1,0.0,30.412021881607586,4.16,104,5,0,0,261.68876292649657,SIMULATED_RX
cliff,cliff_T0.040_N0.10_A0.10,0,HELLO,cpfsk,none,1,0.0,0.04,3000.0,8000.0,5000.0,0.1,0.1,1,0.0,24.685657285530944,4.16,104,5,0,0,238.22552000638098,SIMULATED_RX
cliff,cliff_T0.040_N0.10_A0.10,1,HELLO,cpfsk,none,1,0.0,0.04,3000.0,8000.0,5000.0,0.1,0.1,1,0.0,29.76216121373944,4.16,104,5,0,0,260.1606079842895,SIMULATED_RX
cliff,cliff_T0.040_N0.10_A0.10,2,HELLO,cpfsk,none,1,0.0,0.04,3000.0,8000.0,5000.0,0.1,0.1,1,0.0,23.74596624162763,4.16,104,5,0,0,282.5418789871037,SIMULATED_RX
cliff,cliff_T0.040_N0.10_A0.10,3,HELLO,cpfsk,none,1,0.0,0.04,3000.0,8000.0,5000.0,0.1,0.1,1,0.0,25.621520510754458,4.16,104,5,0,0,614.3663839902729,SIMULATED_RX
cliff,cliff_T0.040_N0.10_A0.10,4,HELLO,cpfsk,none,1,0.0,0.04,3000.0,8000.0,5000.0,0.1,0.1,1,0.0,21.504953751000897,4.16,104,5,0,0,260.8712420333177,SIMULATED_RX
cliff,cliff_T0.040_N0.10_A0.10,5,HELLO,cpfsk,none,1,0.0,0.04,3000.0,8000.0,5000.0,0.1,0.1,1,0.0,27.1354492983537,4.16,104,5,0,0,282.56756404880434,SIMULATED_RX
cliff,cliff_T0.040_N0.10_A0.10,6,HELLO,cpfsk,none,1,0.0,0.04,3000.0,8000.0,5000.0,0.1,0.1,1,0.0,24.9646349545371,4.16,104,5,0,0,395.3568859724328,SIMULATED_RX
cliff,cliff_T0.040_N0.10_A0.10,7,HELLO,cpfsk,none,1,0.0,0.04,3000.0,8000.0,5000.0,0.1,0.1,1,0.0,26.218091039476555,4.16,104,5,0,0,238.59188903588802,SIMULATED_RX
cliff,cliff_T0.040_N0.10_A0.10,8,HELLO,cpfsk,none,1,0.0,0.04,3000.0,8000.0,5000.0,0.1,0.1,1,0.0,29.413459399000583,4.16,104,5,0,0,216.18741401471198,SIMULATED_RX
cliff,cliff_T0.040_N0.10_A0.10,9,HELLO,cpfsk,none,1,0.0,0.04,3000.0,8000.0,5000.0,0.1,0.1,1,0.0,24.771691313766944,4.16,104,5,0,0,260.53180603776127,SIMULATED_RX
cliff,cliff_T0.040_N0.10_A0.10,10,HELLO,cpfsk,none,1,0.0,0.04,3000.0,8000.0,5000.0,0.1,0.1,1,0.0,23.2465794783384,4.16,104,5,0,0,216.824961011298,SIMULATED_RX
cliff,cliff_T0.040_N0.10_A0.10,11,HELLO,cpfsk,none,1,0.0,0.04,3000.0,8000.0,5000.0,0.1,0.1,1,0.0,23.767239641752262,4.16,104,5,0,0,282.768773031421,SIMULATED_RX
cliff,cliff_T0.040_N0.20_A0.20,0,HELLO,cpfsk,none,1,0.0,0.04,3000.0,8000.0,5000.0,0.2,0.2,1,0.0,27.237660441152496,4.16,104,5,0,0,261.04611600749195,SIMULATED_RX
cliff,cliff_T0.040_N0.20_A0.20,1,HELLO,cpfsk,none,1,0.0,0.04,3000.0,8000.0,5000.0,0.2,0.2,1,0.0,30.476099686883224,4.16,104,5,0,0,304.39491500146687,SIMULATED_RX
cliff,cliff_T0.040_N0.20_A0.20,2,HELLO,cpfsk,none,1,0.0,0.04,3000.0,8000.0,5000.0,0.2,0.2,1,0.0,27.068878657048458,4.16,104,5,0,0,282.66666701529175,SIMULATED_RX
cliff,cliff_T0.040_N0.20_A0.20,3,HELLO,cpfsk,none,1,0.0,0.04,3000.0,8000.0,5000.0,0.2,0.2,1,0.0,26.73830000980582,4.16,104,5,0,0,216.10576810780913,SIMULATED_RX
cliff,cliff_T0.040_N0.20_A0.20,4,HELLO,cpfsk,none,1,0.0,0.04,3000.0,8000.0,5000.0,0.2,0.2,1,0.0,24.505725834735212,4.16,104,5,0,0,282.6215240638703,SIMULATED_RX
cliff,cliff_T0.040_N0.20_A0.20,5,HELLO,cpfsk,none,1,0.0,0.04,3000.0,8000.0,5000.0,0.2,0.2,1,0.0,24.939492661379795,4.16,104,5,0,0,239.03368902392685,SIMULATED_RX
cliff,cliff_T0.040_N0.20_A0.20,6,HELLO,cpfsk,none,1,0.0,0.04,3000.0,8000.0,5000.0,0.2,0.2,1,0.0,22.124986918901648,4.16,104,5,0,0,259.74902499001473,SIMULATED_RX
cliff,cliff_T0.040_N0.20_A0.20,7,HELLO,cpfsk,none,1,0.0,0.04,3000.0,8000.0,5000.0,0.2,0.2,1,0.0,23.103670462156593,4.16,104,5,0,0,238.19490300957114,SIMULATED_RX
cliff,cliff_T0.040_N0.20_A0.20,8,HELLO,cpfsk,none,1,0.0,0.04,3000.0,8000.0,5000.0,0.2,0.2,1,0.0,27.441781850590985,4.16,104,5,0,0,194.0291669452563,SIMULATED_RX
cliff,cliff_T0.040_N0.20_A0.20,9,HELLO,cpfsk,none,1,0.0,0.04,3000.0,8000.0,5000.0,0.2,0.2,1,0.0,24.84690646421597,4.16,104,5,0,0,282.21537999343127,SIMULATED_RX
cliff,cliff_T0.040_N0.20_A0.20,10,HELLO,cpfsk,none,1,0.0,0.04,3000.0,8000.0,5000.0,0.2,0.2,1,0.0,23.633283168486926,4.16,104,5,0,0,239.03093999251723,SIMULATED_RX
cliff,cliff_T0.040_N0.20_A0.20,11,HELLO,cpfsk,none,1,0.0,0.04,3000.0,8000.0,5000.0,0.2,0.2,1,0.0,26.801639726452954,4.16,104,5,0,0,261.9619299657643,SIMULATED_RX
cliff,cliff_T0.030_N0.05_A0.10,0,HELLO,cpfsk,none,1,0.0,0.03,3000.0,8000.0,5000.0,0.05,0.1,1,0.0,30.79019438845623,3.12,104,5,0,0,214.0835140598938,SIMULATED_RX
cliff,cliff_T0.030_N0.05_A0.10,1,HELLO,cpfsk,none,1,0.0,0.03,3000.0,8000.0,5000.0,0.05,0.1,1,0.0,26.302549982660803,3.12,104,5,0,0,180.95517496112734,SIMULATED_RX
cliff,cliff_T0.030_N0.05_A0.10,2,HELLO,cpfsk,none,1,0.0,0.03,3000.0,8000.0,5000.0,0.05,0.1,1,0.0,27.40876297891104,3.12,104,5,0,0,180.39646197576076,SIMULATED_RX
cliff,cliff_T0.030_N0.05_A0.10,3,HELLO,cpfsk,none,1,0.0,0.03,3000.0,8000.0,5000.0,0.05,0.1,1,0.0,31.475668127404855,3.12,104,5,0,0,197.1211739582941,SIMULATED_RX
cliff,cliff_T0.030_N0.05_A0.10,4,HELLO,cpfsk,none,1,0.0,0.03,3000.0,8000.0,5000.0,0.05,0.1,1,0.0,31.62333699956248,3.12,104,5,0,0,181.30496493540704,SIMULATED_RX
cliff,cliff_T0.030_N0.05_A0.10,5,HELLO,cpfsk,none,1,0.0,0.03,3000.0,8000.0,5000.0,0.05,0.1,1,0.0,30.73777531276933,3.12,104,5,0,0,197.62745196931064,SIMULATED_RX
cliff,cliff_T0.030_N0.05_A0.10,6,HELLO,cpfsk,none,1,0.0,0.03,3000.0,8000.0,5000.0,0.05,0.1,1,0.0,30.269674092205882,3.12,104,5,0,0,181.03137705475092,SIMULATED_RX
cliff,cliff_T0.030_N0.05_A0.10,7,HELLO,cpfsk,none,1,0.0,0.03,3000.0,8000.0,5000.0,0.05,0.1,1,0.0,27.253176448051562,3.12,104,5,0,0,197.51366006676108,SIMULATED_RX
cliff,cliff_T0.030_N0.05_A0.10,8,HELLO,cpfsk,none,1,0.0,0.03,3000.0,8000.0,5000.0,0.05,0.1,1,0.0,28.11470232291093,3.12,104,5,0,0,214.3199190031737,SIMULATED_RX
cliff,cliff_T0.030_N0.05_A0.10,9,HELLO,cpfsk,none,1,0.0,0.03,3000.0,8000.0,5000.0,0.05,0.1,1,0.0,29.64235003266566,3.12,104,5,0,0,181.33172497618943,SIMULATED_RX
cliff,cliff_T0.030_N0.05_A0.10,10,HELLO,cpfsk,none,1,0.0,0.03,3000.0,8000.0,5000.0,0.05,0.1,1,0.0,30.067759357165677,3.12,104,5,0,0,197.91021500714123,SIMULATED_RX
cliff,cliff_T0.030_N0.05_A0.10,11,HELLO,cpfsk,none,1,0.0,0.03,3000.0,8000.0,5000.0,0.05,0.1,1,0.0,28.455521111455635,3.12,104,5,0,0,164.47057202458382,SIMULATED_RX
cliff,cliff_T0.030_N0.10_A0.10,0,HELLO,cpfsk,none,1,0.0,0.03,3000.0,8000.0,5000.0,0.1,0.1,1,0.0,22.91214572552029,3.12,104,5,0,0,282.5714770006016,SIMULATED_RX
cliff,cliff_T0.030_N0.10_A0.10,1,HELLO,cpfsk,none,1,0.0,0.03,3000.0,8000.0,5000.0,0.1,0.1,1,0.0,23.49724817671841,3.12,104,5,0,0,231.60947300493717,SIMULATED_RX
cliff,cliff_T0.030_N0.10_A0.10,2,HELLO,cpfsk,none,1,0.0,0.03,3000.0,8000.0,5000.0,0.1,0.1,1,0.0,29.04776239190554,3.12,104,5,0,0,198.4556580428034,SIMULATED_RX
cliff,cliff_T0.030_N0.10_A0.10,3,HELLO,cpfsk,none,1,0.0,0.03,3000.0,8000.0,5000.0,0.1,0.1,1,0.0,23.587036891175337,3.12,104,5,0,0,147.45653001591563,SIMULATED_RX
cliff,cliff_T0.030_N0.10_A0.10,4,HELLO,cpfsk,none,1,0.0,0.03,3000.0,8000.0,5000.0,0.1,0.1,1,0.0,21.434462181435038,3.12,104,5,0,0,653.429355006665,SIMULATED_RX
cliff,cliff_T0.030_N0.10_A0.10,5,HELLO,cpfsk,none,1,0.0,0.03,3000.0,8000.0,5000.0,0.1,0.1,1,0.0,30.386435469000183,3.12,104,5,0,0,197.9835070669651,SIMULATED_RX
cliff,cliff_T0.030_N0.10_A0.10,6,HELLO,cpfsk,none,1,0.0,0.03,3000.0,8000.0,5000.0,0.1,0.1,1,0.0,24.29440477065385,3.12,104,5,0,0,231.6715109627694,SIMULATED_RX
cliff,cliff_T0.030_N0.10_A0.10,7,HELLO,cpfsk,none,1,0.0,0.03,3000.0,8000.0,5000.0,0.1,0.1,1,0.0,22.93043181518653,3.12,104,5,0,0,230.94042798038572,SIMULATED_RX
cliff,cliff_T0.030_N0.10_A0.10,8,HELLO,cpfsk,none,1,0.0,0.03,3000.0,8000.0,5000.0,0.1,0.1,1,0.0,24.880318443495675,3.12,104,5,0,0,615.2139039477333,SIMULATED_RX
cliff,cliff_T0.030_N0.10_A0.10,9,HELLO,cpfsk,none,1,0.0,0.03,3000.0,8000.0,5000.0,0.1,0.1,1,0.0,22.959262734417912,3.12,104,5,0,0,249.197507975623,SIMULATED_RX
cliff,cliff_T0.030_N0.10_A0.10,10,HELLO,cpfsk,none,1,0.0,0.03,3000.0,8000.0,5000.0,0.1,0.1,1,0.0,24.723135807114495,3.12,104,5,0,0,231.7101099761203,SIMULATED_RX
cliff,cliff_T0.030_N0.10_A0.10,11,HELLO,cpfsk,none,1,0.0,0.03,3000.0,8000.0,5000.0,0.1,0.1,1,0.0,24.568439220458732,3.12,104,5,0,0,165.36642494611442,SIMULATED_RX
cliff,cliff_T0.030_N0.20_A0.20,0,HELLO,cpfsk,none,1,0.0,0.03,3000.0,8000.0,5000.0,0.2,0.2,1,0.0,29.936389337408613,3.12,104,5,0,0,181.00727698765695,SIMULATED_RX
cliff,cliff_T0.030_N0.20_A0.20,1,HELLO,cpfsk,none,1,0.0,0.03,3000.0,8000.0,5000.0,0.2,0.2,1,0.0,21.38378771877175,3.12,104,5,0,0,198.4756909077987,SIMULATED_RX
cliff,cliff_T0.030_N0.20_A0.20,2,HELLO,cpfsk,none,1,0.0,0.03,3000.0,8000.0,5000.0,0.2,0.2,1,0.0,28.13235824806981,3.12,104,5,0,0,214.30820401292294,SIMULATED_RX
cliff,cliff_T0.030_N0.20_A0.20,3,HELLO,cpfsk,none,1,0.0,0.03,3000.0,8000.0,5000.0,0.2,0.2,1,0.0,23.78012184084242,3.12,104,5,0,0,164.73946790210903,SIMULATED_RX
cliff,cliff_T0.030_N0.20_A0.20,4,HELLO,cpfsk,none,1,0.0,0.03,3000.0,8000.0,5000.0,0.2,0.2,1,0.0,22.601168260645466,3.12,104,5,0,0,634.7123889718205,SIMULATED_RX
cliff,cliff_T0.030_N0.20_A0.20,5,HELLO,cpfsk,none,1,0.0,0.03,3000.0,8000.0,5000.0,0.2,0.2,1,0.0,24.551849747999768,3.12,104,5,0,0,214.8369129281491,SIMULATED_RX
cliff,cliff_T0.030_N0.20_A0.20,6,HELLO,cpfsk,none,1,0.0,0.03,3000.0,8000.0,5000.0,0.2,0.2,1,0.0,25.950553671875195,3.12,104,5,0,0,266.1355370655656,SIMULATED_RX
cliff,cliff_T0.030_N0.20_A0.20,7,HELLO,cpfsk,none,1,0.0,0.03,3000.0,8000.0,5000.0,0.2,0.2,1,0.0,24.336641275747034,3.12,104,5,0,0,165.39896500762552,SIMULATED_RX
cliff,cliff_T0.030_N0.20_A0.20,8,HELLO,cpfsk,none,1,0.0,0.03,3000.0,8000.0,5000.0,0.2,0.2,1,0.0,26.380472246848583,3.12,104,5,0,0,216.36720898095518,SIMULATED_RX
cliff,cliff_T0.030_N0.20_A0.20,9,HELLO,cpfsk,none,1,0.0,0.03,3000.0,8000.0,5000.0,0.2,0.2,1,0.0,26.75095887298207,3.12,104,5,0,0,214.71924905199558,SIMULATED_RX
cliff,cliff_T0.030_N0.20_A0.20,10,HELLO,cpfsk,none,1,0.0,0.03,3000.0,8000.0,5000.0,0.2,0.2,1,0.0,25.837205994638595,3.12,104,5,0,0,231.42067494336516,SIMULATED_RX
cliff,cliff_T0.030_N0.20_A0.20,11,HELLO,cpfsk,none,1,0.0,0.03,3000.0,8000.0,5000.0,0.2,0.2,1,0.0,23.504873788296088,3.12,104,5,0,0,214.326924062334,SIMULATED_RX
cliff,cliff_T0.020_N0.05_A0.10,0,HELLO,cpfsk,none,1,0.0,0.02,3000.0,8000.0,5000.0,0.05,0.1,1,0.0,24.891219345964686,2.08,104,5,0,0,122.94284405652434,SIMULATED_RX
cliff,cliff_T0.020_N0.05_A0.10,1,HELLO,cpfsk,none,1,0.0,0.02,3000.0,8000.0,5000.0,0.05,0.1,1,0.0,28.12866775281583,2.08,104,5,0,0,122.76307307183743,SIMULATED_RX
cliff,cliff_T0.020_N0.05_A0.10,2,HELLO,cpfsk,none,1,0.0,0.02,3000.0,8000.0,5000.0,0.05,0.1,1,0.0,26.193479728961037,2.08,104,5,0,0,157.1170419920236,SIMULATED_RX
cliff,cliff_T0.020_N0.05_A0.10,3,HELLO,cpfsk,none,1,0.0,0.02,3000.0,8000.0,5000.0,0.05,0.1,1,0.0,24.49360198200161,2.08,104,5,0,0,156.54108300805092,SIMULATED_RX
cliff,cliff_T0.020_N0.05_A0.10,4,HELLO,cpfsk,none,1,0.0,0.02,3000.0,8000.0,5000.0,0.05,0.1,1,0.0,26.17310995486765,2.08,104,5,0,0,146.01116604171693,SIMULATED_RX
cliff,cliff_T0.020_N0.05_A0.10,5,HELLO,cpfsk,none,1,0.0,0.02,3000.0,8000.0,5000.0,0.05,0.1,1,0.0,29.272662691560708,2.08,104,5,0,0,122.66439804807305,SIMULATED_RX
cliff,cliff_T0.020_N0.05_A0.10,6,HELLO,cpfsk,none,1,0.0,0.02,3000.0,8000.0,5000.0,0.05,0.1,1,0.0,28.05848682001276,2.08,104,5,0,0,111.49672302417457,SIMULATED_RX
cliff,cliff_T0.020_N0.05_A0.10,7,HELLO,cpfsk,none,1,0.0,0.02,3000.0,8000.0,5000.0,0.05,0.1,1,0.0,25.540615661393762,2.08,104,5,0,0,179.48938498739153,SIMULATED_RX
cliff,cliff_T0.020_N0.05_A0.10,8,HELLO,cpfsk,none,1,0.0,0.02,3000.0,8000.0,5000.0,0.05,0.1,1,0.0,27.841391484427668,2.08,104,5,0,0,134.72506101243198,SIMULATED_RX
cliff,cliff_T0.020_N0.05_A0.10,9,HELLO,cpfsk,none,1,0.0,0.02,3000.0,8000.0,5000.0,0.05,0.1,1,0.0,28.0986637751441,2.08,104,5,0,0,134.3946980778128,SIMULATED_RX
cliff,cliff_T0.020_N0.05_A0.10,10,HELLO,cpfsk,none,1,0.0,0.02,3000.0,8000.0,5000.0,0.05,0.1,1,0.0,27.432979122684173,2.08,104,5,0,0,179.89009898155928,SIMULATED_RX
cliff,cliff_T0.020_N0.05_A0.10,11,HELLO,cpfsk,none,1,0.0,0.02,3000.0,8000.0,5000.0,0.05,0.1,1,0.0,26.44078858764879,2.08,104,5,0,0,157.0288729853928,SIMULATED_RX
cliff,cliff_T0.020_N0.10_A0.10,0,HELLO,cpfsk,none,1,0.0,0.02,3000.0,8000.0,5000.0,0.1,0.1,1,0.0,24.95858475090438,2.08,104,5,0,0,168.6973760370165,SIMULATED_RX
cliff,cliff_T0.020_N0.10_A0.10,1,HELLO,cpfsk,none,1,0.0,0.02,3000.0,8000.0,5000.0,0.1,0.1,0,0.22115384615384615,25.649684188972618,2.08,104,5,0,1,852.3146850056946,SIMULATED_RX
cliff,cliff_T0.020_N0.10_A0.10,2,HELLO,cpfsk,none,1,0.0,0.02,3000.0,8000.0,5000.0,0.1,0.1,1,0.0,23.789719472730265,2.08,104,5,0,0,134.1692479327321,SIMULATED_RX
cliff,cliff_T0.020_N0.10_A0.10,3,HELLO,cpfsk,none,1,0.0,0.02,3000.0,8000.0,5000.0,0.1,0.1,0,0.009615384615384616,25.574526249958872,2.08,104,5,0,1,466.2815540796146,SIMULATED_RX
cliff,cliff_T0.020_N0.10_A0.10,4,HELLO,cpfsk,none,1,0.0,0.02,3000.0,8000.0,5000.0,0.1,0.1,1,0.0,25.462036464150945,2.08,104,5,0,0,122.75704392232001,SIMULATED_RX
cliff,cliff_T0.020_N0.10_A0.10,5,HELLO,cpfsk,none,1,0.0,0.02,3000.0,8000.0,5000.0,0.1,0.1,1,0.0,19.12444871277507,2.08,104,5,0,0,145.60740697197616,SIMULATED_RX
cliff,cliff_T0.020_N0.10_A0.10,6,HELLO,cpfsk,none,1,0.0,0.02,3000.0,8000.0,5000.0,0.1,0.1,1,0.0,24.468139064547998,2.08,104,5,0,0,123.09418595395982,SIMULATED_RX
cliff,cliff_T0.020_N0.10_A0.10,7,HELLO,cpfsk,none,1,0.0,0.02,3000.0,8000.0,5000.0,0.1,0.1,1,0.0,21.277377044847654,2.08,104,5,0,0,134.00017796084285,SIMULATED_RX
cliff,cliff_T0.020_N0.10_A0.10,8,HELLO,cpfsk,none,1,0.0,0.02,3000.0,8000.0,5000.0,0.1,0.1,1,0.0,23.422967764703394,2.08,104,5,0,0,123.32358898129314,SIMULATED_RX
cliff,cliff_T0.020_N0.10_A0.10,9,HELLO,cpfsk,none,1,0.0,0.02,3000.0,8000.0,5000.0,0.1,0.1,1,0.0,21.568088065050276,2.08,104,5,0,0,179.78955002035946,SIMULATED_RX
cliff,cliff_T0.020_N0.10_A0.10,10,HELLO,cpfsk,none,1,0.0,0.02,3000.0,8000.0,5000.0,0.1,0.1,0,0.009615384615384616,21.94677851465378,2.08,104,5,0,1,840.9504449227825,SIMULATED_RX
cliff,cliff_T0.020_N0.10_A0.10,11,HELLO,cpfsk,none,1,0.0,0.02,3000.0,8000.0,5000.0,0.1,0.1,1,0.0,25.140714887553596,2.08,104,5,0,0,1154.8330690711737,SIMULATED_RX
cliff,cliff_T0.020_N0.20_A0.20,0,HELLO,cpfsk,none,1,0.0,0.02,3000.0,8000.0,5000.0,0.2,0.2,1,0.0,22.445676174244902,2.08,104,5,0,0,134.7349249990657,SIMULATED_RX
cliff,cliff_T0.020_N0.20_A0.20,1,HELLO,cpfsk,none,1,0.0,0.02,3000.0,8000.0,5000.0,0.2,0.2,1,0.0,22.460584998583215,2.08,104,5,0,0,349.961825995706,SIMULATED_RX
cliff,cliff_T0.020_N0.20_A0.20,2,HELLO,cpfsk,none,1,0.0,0.02,3000.0,8000.0,5000.0,0.2,0.2,1,0.009615384615384616,26.28629832416734,2.08,104,5,0,0,487.4839580152184,SIMULATED_RX
cliff,cliff_T0.020_N0.20_A0.20,3,HELLO,cpfsk,none,1,0.0,0.02,3000.0,8000.0,5000.0,0.2,0.2,1,0.0,19.44464743676312,2.08,104,5,0,0,258.9003839530051,SIMULATED_RX
cliff,cliff_T0.020_N0.20_A0.20,4,HELLO,cpfsk,none,1,0.0,0.02,3000.0,8000.0,5000.0,0.2,0.2,1,0.0,25.457612480071546,2.08,104,5,0,0,146.34083001874387,SIMULATED_RX
cliff,cliff_T0.020_N0.20_A0.20,5,HELLO,cpfsk,none,1,0.0,0.02,3000.0,8000.0,5000.0,0.2,0.2,1,0.0,25.989509730954993,2.08,104,5,0,0,168.50459401030093,SIMULATED_RX
cliff,cliff_T0.020_N0.20_A0.20,6,HELLO,cpfsk,none,1,0.0,0.02,3000.0,8000.0,5000.0,0.2,0.2,1,0.0,23.735601956587814,2.08,104,5,0,0,179.61192200891674,SIMULATED_RX
cliff,cliff_T0.020_N0.20_A0.20,7,HELLO,cpfsk,none,1,0.0,0.02,3000.0,8000.0,5000.0,0.2,0.2,1,0.0,26.14429534133822,2.08,104,5,0,0,748.6946660792455,SIMULATED_RX
cliff,cliff_T0.020_N0.20_A0.20,8,HELLO,cpfsk,none,1,0.0,0.02,3000.0,8000.0,5000.0,0.2,0.2,0,0.019230769230769232,22.162169932380266,2.08,104,5,0,1,501.50397908873856,SIMULATED_RX
cliff,cliff_T0.020_N0.20_A0.20,9,HELLO,cpfsk,none,1,0.0,0.02,3000.0,8000.0,5000.0,0.2,0.2,1,0.0,21.40038079459153,2.08,104,5,0,0,145.57254605460912,SIMULATED_RX
cliff,cliff_T0.020_N0.20_A0.20,10,HELLO,cpfsk,none,1,0.0,0.02,3000.0,8000.0,5000.0,0.2,0.2,1,0.0,19.13498660160521,2.08,104,5,0,0,190.9929240355268,SIMULATED_RX
cliff,cliff_T0.020_N0.20_A0.20,11,HELLO,cpfsk,none,1,0.0,0.02,3000.0,8000.0,5000.0,0.2,0.2,1,0.0,21.165642020480217,2.08,104,5,0,0,145.6537040648982,SIMULATED_RX
